inspection_id,machine_id,batch_id,result,product_id
I00001,M001,B994,FAIL,P100
I00002,M001,B994,FAIL,P100
I00003,M001,B994,FAIL,P100
I00004,M001,B994,FAIL,P100
I00005,M001,B994,FAIL,P100
I00006,M001,B994,FAIL,P100
I00007,M001,B994,FAIL,P100
I00008,M001,B994,FAIL,P100
I00009,M001,B994,FAIL,P100
I00010,M001,B994,FAIL,P100
I00011,M001,B994,FAIL,P100
I00012,M001,B994,FAIL,P100
I00013,M001,B994,FAIL,P100
I00014,M001,B994,FAIL,P100
I00015,M001,B994,FAIL,P100
I00016,M001,B994,FAIL,P100
I00017,M001,B994,FAIL,P100
I00018,M001,B994,FAIL,P100
I00019,M001,B994,FAIL,P100
I00020,M001,B994,FAIL,P100
I00021,M001,B994,PASS,P100
I00022,M001,B994,PASS,P100
I00023,M001,B994,PASS,P100
I00024,M001,B994,PASS,P100
I00025,M001,B994,PASS,P100
I00026,M001,B994,PASS,P100
I00027,M001,B994,PASS,P100
I00028,M001,B994,PASS,P100
I00029,M001,B994,PASS,P100
I00030,M001,B994,PASS,P100
I00031,M001,B994,PASS,P100
I00032,M001,B994,PASS,P100
I00033,M001,B994,PASS,P100
I00034,M001,B994,PASS,P100
I00035,M001,B994,PASS,P100
I00036,M001,B994,PASS,P100
I00037,M001,B994,PASS,P100
I00038,M001,B994,PASS,P100
I00039,M001,B994,PASS,P100
I00040,M001,B994,PASS,P100
I00041,M001,B994,PASS,P100
I00042,M001,B994,PASS,P100
I00043,M001,B994,PASS,P100
I00044,M001,B994,PASS,P100
I00045,M001,B994,PASS,P100
I00046,M001,B994,PASS,P100
I00047,M001,B994,PASS,P100
I00048,M001,B994,PASS,P100
I00049,M001,B994,PASS,P100
I00050,M001,B994,PASS,P100
I00051,M001,B994,PASS,P100
I00052,M001,B994,PASS,P100
I00053,M001,B994,PASS,P100
I00054,M001,B994,PASS,P100
I00055,M001,B994,PASS,P100
I00056,M001,B994,PASS,P100
I00057,M001,B994,PASS,P100
I00058,M001,B994,PASS,P100
I00059,M001,B994,PASS,P100
I00060,M001,B994,PASS,P100
I00061,M001,B994,PASS,P100
I00062,M001,B994,PASS,P100
I00063,M001,B994,PASS,P100
I00064,M001,B994,PASS,P100
I00065,M001,B994,PASS,P100
I00066,M001,B994,PASS,P100
I00067,M001,B994,PASS,P100
I00068,M001,B994,PASS,P100
I00069,M001,B994,PASS,P100
I00070,M001,B994,PASS,P100
I00071,M001,B994,PASS,P100
I00072,M001,B994,PASS,P100
I00073,M001,B994,PASS,P100
I00074,M001,B994,PASS,P100
I00075,M001,B994,PASS,P100
I00076,M001,B994,PASS,P100
I00077,M001,B994,PASS,P100
I00078,M001,B994,PASS,P100
I00079,M001,B994,PASS,P100
I00080,M001,B994,PASS,P100
I00081,M001,B994,PASS,P100
I00082,M001,B994,PASS,P100
I00083,M001,B994,PASS,P100
I00084,M001,B994,PASS,P100
I00085,M001,B994,PASS,P100
I00086,M001,B994,PASS,P100
I00087,M001,B994,PASS,P100
I00088,M001,B994,PASS,P100
I00089,M001,B994,PASS,P100
I00090,M001,B994,PASS,P100
I00091,M001,B994,PASS,P100
I00092,M001,B994,PASS,P100
I00093,M001,B994,PASS,P100
I00094,M001,B994,PASS,P100
I00095,M001,B994,PASS,P100
I00096,M001,B994,PASS,P100
I00097,M001,B994,PASS,P100
I00098,M001,B994,PASS,P100
I00099,M001,B994,PASS,P100
I00100,M001,B994,PASS,P100
I00101,M001,B990,FAIL,P100
I00102,M001,B990,FAIL,P100
I00103,M001,B990,PASS,P100
I00104,M001,B990,PASS,P100
I00105,M001,B990,PASS,P100
I00106,M001,B990,PASS,P100
I00107,M001,B990,PASS,P100
I00108,M001,B990,PASS,P100
I00109,M001,B990,PASS,P100
I00110,M001,B990,PASS,P100
I00111,M001,B990,PASS,P100
I00112,M001,B990,PASS,P100
I00113,M001,B990,PASS,P100
I00114,M001,B990,PASS,P100
I00115,M001,B990,PASS,P100
I00116,M001,B990,PASS,P100
I00117,M001,B990,PASS,P100
I00118,M001,B990,PASS,P100
I00119,M001,B990,PASS,P100
I00120,M001,B990,PASS,P100
I00121,M001,B990,PASS,P100
I00122,M001,B990,PASS,P100
I00123,M001,B990,PASS,P100
I00124,M001,B990,PASS,P100
I00125,M001,B990,PASS,P100
I00126,M001,B990,PASS,P100
I00127,M001,B990,PASS,P100
I00128,M001,B990,PASS,P100
I00129,M001,B990,PASS,P100
I00130,M001,B990,PASS,P100
I00131,M001,B990,PASS,P100
I00132,M001,B990,PASS,P100
I00133,M001,B990,PASS,P100
I00134,M001,B990,PASS,P100
I00135,M001,B990,PASS,P100
I00136,M001,B990,PASS,P100
I00137,M001,B990,PASS,P100
I00138,M001,B990,PASS,P100
I00139,M001,B990,PASS,P100
I00140,M001,B990,PASS,P100
I00141,M001,B990,PASS,P100
I00142,M001,B990,PASS,P100
I00143,M001,B990,PASS,P100
I00144,M001,B990,PASS,P100
I00145,M001,B990,PASS,P100
I00146,M001,B990,PASS,P100
I00147,M001,B990,PASS,P100
I00148,M001,B990,PASS,P100
I00149,M001,B990,PASS,P100
I00150,M001,B990,PASS,P100
I00151,M001,B990,PASS,P100
I00152,M001,B990,PASS,P100
I00153,M001,B990,PASS,P100
I00154,M001,B990,PASS,P100
I00155,M001,B990,PASS,P100
I00156,M001,B990,PASS,P100
I00157,M001,B990,PASS,P100
I00158,M001,B990,PASS,P100
I00159,M001,B990,PASS,P100
I00160,M001,B990,PASS,P100
I00161,M001,B990,PASS,P100
I00162,M001,B990,PASS,P100
I00163,M001,B990,PASS,P100
I00164,M001,B990,PASS,P100
I00165,M001,B990,PASS,P100
I00166,M001,B990,PASS,P100
I00167,M001,B990,PASS,P100
I00168,M001,B990,PASS,P100
I00169,M001,B990,PASS,P100
I00170,M001,B990,PASS,P100
I00171,M001,B990,PASS,P100
I00172,M001,B990,PASS,P100
I00173,M001,B990,PASS,P100
I00174,M001,B990,PASS,P100
I00175,M001,B990,PASS,P100
I00176,M001,B990,PASS,P100
I00177,M001,B990,PASS,P100
I00178,M001,B990,PASS,P100
I00179,M001,B990,PASS,P100
I00180,M001,B990,PASS,P100
I00181,M001,B990,PASS,P100
I00182,M001,B990,PASS,P100
I00183,M001,B990,PASS,P100
I00184,M001,B990,PASS,P100
I00185,M001,B990,PASS,P100
I00186,M001,B990,PASS,P100
I00187,M001,B990,PASS,P100
I00188,M001,B990,PASS,P100
I00189,M001,B990,PASS,P100
I00190,M001,B990,PASS,P100
I00191,M001,B990,PASS,P100
I00192,M001,B990,PASS,P100
I00193,M001,B990,PASS,P100
I00194,M001,B990,PASS,P100
I00195,M001,B990,PASS,P100
I00196,M001,B990,PASS,P100
I00197,M001,B990,PASS,P100
I00198,M001,B990,PASS,P100
I00199,M001,B990,PASS,P100
I00200,M001,B990,PASS,P100
I00201,M002,B994,FAIL,P100
I00202,M002,B994,FAIL,P100
I00203,M002,B994,FAIL,P100
I00204,M002,B994,FAIL,P100
I00205,M002,B994,FAIL,P100
I00206,M002,B994,FAIL,P100
I00207,M002,B994,FAIL,P100
I00208,M002,B994,FAIL,P100
I00209,M002,B994,FAIL,P100
I00210,M002,B994,FAIL,P100
I00211,M002,B994,FAIL,P100
I00212,M002,B994,FAIL,P100
I00213,M002,B994,FAIL,P100
I00214,M002,B994,FAIL,P100
I00215,M002,B994,FAIL,P100
I00216,M002,B994,FAIL,P100
I00217,M002,B994,FAIL,P100
I00218,M002,B994,FAIL,P100
I00219,M002,B994,PASS,P100
I00220,M002,B994,PASS,P100
I00221,M002,B994,PASS,P100
I00222,M002,B994,PASS,P100
I00223,M002,B994,PASS,P100
I00224,M002,B994,PASS,P100
I00225,M002,B994,PASS,P100
I00226,M002,B994,PASS,P100
I00227,M002,B994,PASS,P100
I00228,M002,B994,PASS,P100
I00229,M002,B994,PASS,P100
I00230,M002,B994,PASS,P100
I00231,M002,B994,PASS,P100
I00232,M002,B994,PASS,P100
I00233,M002,B994,PASS,P100
I00234,M002,B994,PASS,P100
I00235,M002,B994,PASS,P100
I00236,M002,B994,PASS,P100
I00237,M002,B994,PASS,P100
I00238,M002,B994,PASS,P100
I00239,M002,B994,PASS,P100
I00240,M002,B994,PASS,P100
I00241,M002,B994,PASS,P100
I00242,M002,B994,PASS,P100
I00243,M002,B994,PASS,P100
I00244,M002,B994,PASS,P100
I00245,M002,B994,PASS,P100
I00246,M002,B994,PASS,P100
I00247,M002,B994,PASS,P100
I00248,M002,B994,PASS,P100
I00249,M002,B994,PASS,P100
I00250,M002,B994,PASS,P100
I00251,M002,B994,PASS,P100
I00252,M002,B994,PASS,P100
I00253,M002,B994,PASS,P100
I00254,M002,B994,PASS,P100
I00255,M002,B994,PASS,P100
I00256,M002,B994,PASS,P100
I00257,M002,B994,PASS,P100
I00258,M002,B994,PASS,P100
I00259,M002,B994,PASS,P100
I00260,M002,B994,PASS,P100
I00261,M002,B994,PASS,P100
I00262,M002,B994,PASS,P100
I00263,M002,B994,PASS,P100
I00264,M002,B994,PASS,P100
I00265,M002,B994,PASS,P100
I00266,M002,B994,PASS,P100
I00267,M002,B994,PASS,P100
I00268,M002,B994,PASS,P100
I00269,M002,B994,PASS,P100
I00270,M002,B994,PASS,P100
I00271,M002,B994,PASS,P100
I00272,M002,B994,PASS,P100
I00273,M002,B994,PASS,P100
I00274,M002,B994,PASS,P100
I00275,M002,B994,PASS,P100
I00276,M002,B994,PASS,P100
I00277,M002,B994,PASS,P100
I00278,M002,B994,PASS,P100
I00279,M002,B994,PASS,P100
I00280,M002,B994,PASS,P100
I00281,M002,B994,PASS,P100
I00282,M002,B994,PASS,P100
I00283,M002,B994,PASS,P100
I00284,M002,B994,PASS,P100
I00285,M002,B994,PASS,P100
I00286,M002,B994,PASS,P100
I00287,M002,B994,PASS,P100
I00288,M002,B994,PASS,P100
I00289,M002,B994,PASS,P100
I00290,M002,B994,PASS,P100
I00291,M002,B994,PASS,P100
I00292,M002,B994,PASS,P100
I00293,M002,B994,PASS,P100
I00294,M002,B994,PASS,P100
I00295,M002,B994,PASS,P100
I00296,M002,B994,PASS,P100
I00297,M002,B994,PASS,P100
I00298,M002,B994,PASS,P100
I00299,M002,B994,PASS,P100
I00300,M002,B994,PASS,P100
I00301,M002,B990,FAIL,P100
I00302,M002,B990,FAIL,P100
I00303,M002,B990,FAIL,P100
I00304,M002,B990,PASS,P100
I00305,M002,B990,PASS,P100
I00306,M002,B990,PASS,P100
I00307,M002,B990,PASS,P100
I00308,M002,B990,PASS,P100
I00309,M002,B990,PASS,P100
I00310,M002,B990,PASS,P100
I00311,M002,B990,PASS,P100
I00312,M002,B990,PASS,P100
I00313,M002,B990,PASS,P100
I00314,M002,B990,PASS,P100
I00315,M002,B990,PASS,P100
I00316,M002,B990,PASS,P100
I00317,M002,B990,PASS,P100
I00318,M002,B990,PASS,P100
I00319,M002,B990,PASS,P100
I00320,M002,B990,PASS,P100
I00321,M002,B990,PASS,P100
I00322,M002,B990,PASS,P100
I00323,M002,B990,PASS,P100
I00324,M002,B990,PASS,P100
I00325,M002,B990,PASS,P100
I00326,M002,B990,PASS,P100
I00327,M002,B990,PASS,P100
I00328,M002,B990,PASS,P100
I00329,M002,B990,PASS,P100
I00330,M002,B990,PASS,P100
I00331,M002,B990,PASS,P100
I00332,M002,B990,PASS,P100
I00333,M002,B990,PASS,P100
I00334,M002,B990,PASS,P100
I00335,M002,B990,PASS,P100
I00336,M002,B990,PASS,P100
I00337,M002,B990,PASS,P100
I00338,M002,B990,PASS,P100
I00339,M002,B990,PASS,P100
I00340,M002,B990,PASS,P100
I00341,M002,B990,PASS,P100
I00342,M002,B990,PASS,P100
I00343,M002,B990,PASS,P100
I00344,M002,B990,PASS,P100
I00345,M002,B990,PASS,P100
I00346,M002,B990,PASS,P100
I00347,M002,B990,PASS,P100
I00348,M002,B990,PASS,P100
I00349,M002,B990,PASS,P100
I00350,M002,B990,PASS,P100
I00351,M002,B990,PASS,P100
I00352,M002,B990,PASS,P100
I00353,M002,B990,PASS,P100
I00354,M002,B990,PASS,P100
I00355,M002,B990,PASS,P100
I00356,M002,B990,PASS,P100
I00357,M002,B990,PASS,P100
I00358,M002,B990,PASS,P100
I00359,M002,B990,PASS,P100
I00360,M002,B990,PASS,P100
I00361,M002,B990,PASS,P100
I00362,M002,B990,PASS,P100
I00363,M002,B990,PASS,P100
I00364,M002,B990,PASS,P100
I00365,M002,B990,PASS,P100
I00366,M002,B990,PASS,P100
I00367,M002,B990,PASS,P100
I00368,M002,B990,PASS,P100
I00369,M002,B990,PASS,P100
I00370,M002,B990,PASS,P100
I00371,M002,B990,PASS,P100
I00372,M002,B990,PASS,P100
I00373,M002,B990,PASS,P100
I00374,M002,B990,PASS,P100
I00375,M002,B990,PASS,P100
I00376,M002,B990,PASS,P100
I00377,M002,B990,PASS,P100
I00378,M002,B990,PASS,P100
I00379,M002,B990,PASS,P100
I00380,M002,B990,PASS,P100
I00381,M002,B990,PASS,P100
I00382,M002,B990,PASS,P100
I00383,M002,B990,PASS,P100
I00384,M002,B990,PASS,P100
I00385,M002,B990,PASS,P100
I00386,M002,B990,PASS,P100
I00387,M002,B990,PASS,P100
I00388,M002,B990,PASS,P100
I00389,M002,B990,PASS,P100
I00390,M002,B990,PASS,P100
I00391,M002,B990,PASS,P100
I00392,M002,B990,PASS,P100
I00393,M002,B990,PASS,P100
I00394,M002,B990,PASS,P100
I00395,M002,B990,PASS,P100
I00396,M002,B990,PASS,P100
I00397,M002,B990,PASS,P100
I00398,M002,B990,PASS,P100
I00399,M002,B990,PASS,P100
I00400,M002,B990,PASS,P100
