inspection_id,period,product_id,result
MX00001,BEFORE,P100,FAIL
MX00002,BEFORE,P100,FAIL
MX00003,BEFORE,P100,FAIL
MX00004,BEFORE,P100,FAIL
MX00005,BEFORE,P100,FAIL
MX00006,BEFORE,P100,FAIL
MX00007,BEFORE,P100,FAIL
MX00008,BEFORE,P100,FAIL
MX00009,BEFORE,P100,FAIL
MX00010,BEFORE,P100,PASS
MX00011,BEFORE,P100,PASS
MX00012,BEFORE,P100,PASS
MX00013,BEFORE,P100,PASS
MX00014,BEFORE,P100,PASS
MX00015,BEFORE,P100,PASS
MX00016,BEFORE,P100,PASS
MX00017,BEFORE,P100,PASS
MX00018,BEFORE,P100,PASS
MX00019,BEFORE,P100,PASS
MX00020,BEFORE,P100,PASS
MX00021,BEFORE,P100,PASS
MX00022,BEFORE,P100,PASS
MX00023,BEFORE,P100,PASS
MX00024,BEFORE,P100,PASS
MX00025,BEFORE,P100,PASS
MX00026,BEFORE,P100,PASS
MX00027,BEFORE,P100,PASS
MX00028,BEFORE,P100,PASS
MX00029,BEFORE,P100,PASS
MX00030,BEFORE,P100,PASS
MX00031,BEFORE,P100,PASS
MX00032,BEFORE,P100,PASS
MX00033,BEFORE,P100,PASS
MX00034,BEFORE,P100,PASS
MX00035,BEFORE,P100,PASS
MX00036,BEFORE,P100,PASS
MX00037,BEFORE,P100,PASS
MX00038,BEFORE,P100,PASS
MX00039,BEFORE,P100,PASS
MX00040,BEFORE,P100,PASS
MX00041,BEFORE,P100,PASS
MX00042,BEFORE,P100,PASS
MX00043,BEFORE,P100,PASS
MX00044,BEFORE,P100,PASS
MX00045,BEFORE,P100,PASS
MX00046,BEFORE,P100,PASS
MX00047,BEFORE,P100,PASS
MX00048,BEFORE,P100,PASS
MX00049,BEFORE,P100,PASS
MX00050,BEFORE,P100,PASS
MX00051,BEFORE,P100,PASS
MX00052,BEFORE,P100,PASS
MX00053,BEFORE,P100,PASS
MX00054,BEFORE,P100,PASS
MX00055,BEFORE,P100,PASS
MX00056,BEFORE,P100,PASS
MX00057,BEFORE,P100,PASS
MX00058,BEFORE,P100,PASS
MX00059,BEFORE,P100,PASS
MX00060,BEFORE,P100,PASS
MX00061,BEFORE,P100,PASS
MX00062,BEFORE,P100,PASS
MX00063,BEFORE,P100,PASS
MX00064,BEFORE,P100,PASS
MX00065,BEFORE,P100,PASS
MX00066,BEFORE,P100,PASS
MX00067,BEFORE,P100,PASS
MX00068,BEFORE,P100,PASS
MX00069,BEFORE,P100,PASS
MX00070,BEFORE,P100,PASS
MX00071,BEFORE,P100,PASS
MX00072,BEFORE,P100,PASS
MX00073,BEFORE,P100,PASS
MX00074,BEFORE,P100,PASS
MX00075,BEFORE,P100,PASS
MX00076,BEFORE,P100,PASS
MX00077,BEFORE,P100,PASS
MX00078,BEFORE,P100,PASS
MX00079,BEFORE,P100,PASS
MX00080,BEFORE,P100,PASS
MX00081,BEFORE,P100,PASS
MX00082,BEFORE,P100,PASS
MX00083,BEFORE,P100,PASS
MX00084,BEFORE,P100,PASS
MX00085,BEFORE,P100,PASS
MX00086,BEFORE,P100,PASS
MX00087,BEFORE,P100,PASS
MX00088,BEFORE,P100,PASS
MX00089,BEFORE,P100,PASS
MX00090,BEFORE,P100,PASS
MX00091,BEFORE,P100,PASS
MX00092,BEFORE,P100,PASS
MX00093,BEFORE,P100,PASS
MX00094,BEFORE,P100,PASS
MX00095,BEFORE,P100,PASS
MX00096,BEFORE,P100,PASS
MX00097,BEFORE,P100,PASS
MX00098,BEFORE,P100,PASS
MX00099,BEFORE,P100,PASS
MX00100,BEFORE,P100,PASS
MX00101,BEFORE,P100,PASS
MX00102,BEFORE,P100,PASS
MX00103,BEFORE,P100,PASS
MX00104,BEFORE,P100,PASS
MX00105,BEFORE,P100,PASS
MX00106,BEFORE,P100,PASS
MX00107,BEFORE,P100,PASS
MX00108,BEFORE,P100,PASS
MX00109,BEFORE,P100,PASS
MX00110,BEFORE,P100,PASS
MX00111,BEFORE,P100,PASS
MX00112,BEFORE,P100,PASS
MX00113,BEFORE,P100,PASS
MX00114,BEFORE,P100,PASS
MX00115,BEFORE,P100,PASS
MX00116,BEFORE,P100,PASS
MX00117,BEFORE,P100,PASS
MX00118,BEFORE,P100,PASS
MX00119,BEFORE,P100,PASS
MX00120,BEFORE,P100,PASS
MX00121,BEFORE,P100,PASS
MX00122,BEFORE,P100,PASS
MX00123,BEFORE,P100,PASS
MX00124,BEFORE,P100,PASS
MX00125,BEFORE,P100,PASS
MX00126,BEFORE,P100,PASS
MX00127,BEFORE,P100,PASS
MX00128,BEFORE,P100,PASS
MX00129,BEFORE,P100,PASS
MX00130,BEFORE,P100,PASS
MX00131,BEFORE,P100,PASS
MX00132,BEFORE,P100,PASS
MX00133,BEFORE,P100,PASS
MX00134,BEFORE,P100,PASS
MX00135,BEFORE,P100,PASS
MX00136,BEFORE,P100,PASS
MX00137,BEFORE,P100,PASS
MX00138,BEFORE,P100,PASS
MX00139,BEFORE,P100,PASS
MX00140,BEFORE,P100,PASS
MX00141,BEFORE,P100,PASS
MX00142,BEFORE,P100,PASS
MX00143,BEFORE,P100,PASS
MX00144,BEFORE,P100,PASS
MX00145,BEFORE,P100,PASS
MX00146,BEFORE,P100,PASS
MX00147,BEFORE,P100,PASS
MX00148,BEFORE,P100,PASS
MX00149,BEFORE,P100,PASS
MX00150,BEFORE,P100,PASS
MX00151,BEFORE,P100,PASS
MX00152,BEFORE,P100,PASS
MX00153,BEFORE,P100,PASS
MX00154,BEFORE,P100,PASS
MX00155,BEFORE,P100,PASS
MX00156,BEFORE,P100,PASS
MX00157,BEFORE,P100,PASS
MX00158,BEFORE,P100,PASS
MX00159,BEFORE,P100,PASS
MX00160,BEFORE,P100,PASS
MX00161,BEFORE,P100,PASS
MX00162,BEFORE,P100,PASS
MX00163,BEFORE,P100,PASS
MX00164,BEFORE,P100,PASS
MX00165,BEFORE,P100,PASS
MX00166,BEFORE,P100,PASS
MX00167,BEFORE,P100,PASS
MX00168,BEFORE,P100,PASS
MX00169,BEFORE,P100,PASS
MX00170,BEFORE,P100,PASS
MX00171,BEFORE,P100,PASS
MX00172,BEFORE,P100,PASS
MX00173,BEFORE,P100,PASS
MX00174,BEFORE,P100,PASS
MX00175,BEFORE,P100,PASS
MX00176,BEFORE,P100,PASS
MX00177,BEFORE,P100,PASS
MX00178,BEFORE,P100,PASS
MX00179,BEFORE,P100,PASS
MX00180,BEFORE,P100,PASS
MX00181,BEFORE,P100,PASS
MX00182,BEFORE,P100,PASS
MX00183,BEFORE,P100,PASS
MX00184,BEFORE,P100,PASS
MX00185,BEFORE,P100,PASS
MX00186,BEFORE,P100,PASS
MX00187,BEFORE,P100,PASS
MX00188,BEFORE,P100,PASS
MX00189,BEFORE,P100,PASS
MX00190,BEFORE,P100,PASS
MX00191,BEFORE,P100,PASS
MX00192,BEFORE,P100,PASS
MX00193,BEFORE,P100,PASS
MX00194,BEFORE,P100,PASS
MX00195,BEFORE,P100,PASS
MX00196,BEFORE,P100,PASS
MX00197,BEFORE,P100,PASS
MX00198,BEFORE,P100,PASS
MX00199,BEFORE,P100,PASS
MX00200,BEFORE,P100,PASS
MX00201,BEFORE,P100,PASS
MX00202,BEFORE,P100,PASS
MX00203,BEFORE,P100,PASS
MX00204,BEFORE,P100,PASS
MX00205,BEFORE,P100,PASS
MX00206,BEFORE,P100,PASS
MX00207,BEFORE,P100,PASS
MX00208,BEFORE,P100,PASS
MX00209,BEFORE,P100,PASS
MX00210,BEFORE,P100,PASS
MX00211,BEFORE,P100,PASS
MX00212,BEFORE,P100,PASS
MX00213,BEFORE,P100,PASS
MX00214,BEFORE,P100,PASS
MX00215,BEFORE,P100,PASS
MX00216,BEFORE,P100,PASS
MX00217,BEFORE,P100,PASS
MX00218,BEFORE,P100,PASS
MX00219,BEFORE,P100,PASS
MX00220,BEFORE,P100,PASS
MX00221,BEFORE,P100,PASS
MX00222,BEFORE,P100,PASS
MX00223,BEFORE,P100,PASS
MX00224,BEFORE,P100,PASS
MX00225,BEFORE,P100,PASS
MX00226,BEFORE,P100,PASS
MX00227,BEFORE,P100,PASS
MX00228,BEFORE,P100,PASS
MX00229,BEFORE,P100,PASS
MX00230,BEFORE,P100,PASS
MX00231,BEFORE,P100,PASS
MX00232,BEFORE,P100,PASS
MX00233,BEFORE,P100,PASS
MX00234,BEFORE,P100,PASS
MX00235,BEFORE,P100,PASS
MX00236,BEFORE,P100,PASS
MX00237,BEFORE,P100,PASS
MX00238,BEFORE,P100,PASS
MX00239,BEFORE,P100,PASS
MX00240,BEFORE,P100,PASS
MX00241,BEFORE,P100,PASS
MX00242,BEFORE,P100,PASS
MX00243,BEFORE,P100,PASS
MX00244,BEFORE,P100,PASS
MX00245,BEFORE,P100,PASS
MX00246,BEFORE,P100,PASS
MX00247,BEFORE,P100,PASS
MX00248,BEFORE,P100,PASS
MX00249,BEFORE,P100,PASS
MX00250,BEFORE,P100,PASS
MX00251,BEFORE,P100,PASS
MX00252,BEFORE,P100,PASS
MX00253,BEFORE,P100,PASS
MX00254,BEFORE,P100,PASS
MX00255,BEFORE,P100,PASS
MX00256,BEFORE,P100,PASS
MX00257,BEFORE,P100,PASS
MX00258,BEFORE,P100,PASS
MX00259,BEFORE,P100,PASS
MX00260,BEFORE,P100,PASS
MX00261,BEFORE,P100,PASS
MX00262,BEFORE,P100,PASS
MX00263,BEFORE,P100,PASS
MX00264,BEFORE,P100,PASS
MX00265,BEFORE,P100,PASS
MX00266,BEFORE,P100,PASS
MX00267,BEFORE,P100,PASS
MX00268,BEFORE,P100,PASS
MX00269,BEFORE,P100,PASS
MX00270,BEFORE,P100,PASS
MX00271,BEFORE,P100,PASS
MX00272,BEFORE,P100,PASS
MX00273,BEFORE,P100,PASS
MX00274,BEFORE,P100,PASS
MX00275,BEFORE,P100,PASS
MX00276,BEFORE,P100,PASS
MX00277,BEFORE,P100,PASS
MX00278,BEFORE,P100,PASS
MX00279,BEFORE,P100,PASS
MX00280,BEFORE,P100,PASS
MX00281,BEFORE,P100,PASS
MX00282,BEFORE,P100,PASS
MX00283,BEFORE,P100,PASS
MX00284,BEFORE,P100,PASS
MX00285,BEFORE,P100,PASS
MX00286,BEFORE,P100,PASS
MX00287,BEFORE,P100,PASS
MX00288,BEFORE,P100,PASS
MX00289,BEFORE,P100,PASS
MX00290,BEFORE,P100,PASS
MX00291,BEFORE,P100,PASS
MX00292,BEFORE,P100,PASS
MX00293,BEFORE,P100,PASS
MX00294,BEFORE,P100,PASS
MX00295,BEFORE,P100,PASS
MX00296,BEFORE,P100,PASS
MX00297,BEFORE,P100,PASS
MX00298,BEFORE,P100,PASS
MX00299,BEFORE,P100,PASS
MX00300,BEFORE,P100,PASS
MX00301,BEFORE,P100,PASS
MX00302,BEFORE,P100,PASS
MX00303,BEFORE,P100,PASS
MX00304,BEFORE,P100,PASS
MX00305,BEFORE,P100,PASS
MX00306,BEFORE,P100,PASS
MX00307,BEFORE,P100,PASS
MX00308,BEFORE,P100,PASS
MX00309,BEFORE,P100,PASS
MX00310,BEFORE,P100,PASS
MX00311,BEFORE,P100,PASS
MX00312,BEFORE,P100,PASS
MX00313,BEFORE,P100,PASS
MX00314,BEFORE,P100,PASS
MX00315,BEFORE,P100,PASS
MX00316,BEFORE,P100,PASS
MX00317,BEFORE,P100,PASS
MX00318,BEFORE,P100,PASS
MX00319,BEFORE,P100,PASS
MX00320,BEFORE,P100,PASS
MX00321,BEFORE,P100,PASS
MX00322,BEFORE,P100,PASS
MX00323,BEFORE,P100,PASS
MX00324,BEFORE,P100,PASS
MX00325,BEFORE,P100,PASS
MX00326,BEFORE,P100,PASS
MX00327,BEFORE,P100,PASS
MX00328,BEFORE,P100,PASS
MX00329,BEFORE,P100,PASS
MX00330,BEFORE,P100,PASS
MX00331,BEFORE,P100,PASS
MX00332,BEFORE,P100,PASS
MX00333,BEFORE,P100,PASS
MX00334,BEFORE,P100,PASS
MX00335,BEFORE,P100,PASS
MX00336,BEFORE,P100,PASS
MX00337,BEFORE,P100,PASS
MX00338,BEFORE,P100,PASS
MX00339,BEFORE,P100,PASS
MX00340,BEFORE,P100,PASS
MX00341,BEFORE,P100,PASS
MX00342,BEFORE,P100,PASS
MX00343,BEFORE,P100,PASS
MX00344,BEFORE,P100,PASS
MX00345,BEFORE,P100,PASS
MX00346,BEFORE,P100,PASS
MX00347,BEFORE,P100,PASS
MX00348,BEFORE,P100,PASS
MX00349,BEFORE,P100,PASS
MX00350,BEFORE,P100,PASS
MX00351,BEFORE,P100,PASS
MX00352,BEFORE,P100,PASS
MX00353,BEFORE,P100,PASS
MX00354,BEFORE,P100,PASS
MX00355,BEFORE,P100,PASS
MX00356,BEFORE,P100,PASS
MX00357,BEFORE,P100,PASS
MX00358,BEFORE,P100,PASS
MX00359,BEFORE,P100,PASS
MX00360,BEFORE,P100,PASS
MX00361,BEFORE,P100,PASS
MX00362,BEFORE,P100,PASS
MX00363,BEFORE,P100,PASS
MX00364,BEFORE,P100,PASS
MX00365,BEFORE,P100,PASS
MX00366,BEFORE,P100,PASS
MX00367,BEFORE,P100,PASS
MX00368,BEFORE,P100,PASS
MX00369,BEFORE,P100,PASS
MX00370,BEFORE,P100,PASS
MX00371,BEFORE,P100,PASS
MX00372,BEFORE,P100,PASS
MX00373,BEFORE,P100,PASS
MX00374,BEFORE,P100,PASS
MX00375,BEFORE,P100,PASS
MX00376,BEFORE,P100,PASS
MX00377,BEFORE,P100,PASS
MX00378,BEFORE,P100,PASS
MX00379,BEFORE,P100,PASS
MX00380,BEFORE,P100,PASS
MX00381,BEFORE,P100,PASS
MX00382,BEFORE,P100,PASS
MX00383,BEFORE,P100,PASS
MX00384,BEFORE,P100,PASS
MX00385,BEFORE,P100,PASS
MX00386,BEFORE,P100,PASS
MX00387,BEFORE,P100,PASS
MX00388,BEFORE,P100,PASS
MX00389,BEFORE,P100,PASS
MX00390,BEFORE,P100,PASS
MX00391,BEFORE,P100,PASS
MX00392,BEFORE,P100,PASS
MX00393,BEFORE,P100,PASS
MX00394,BEFORE,P100,PASS
MX00395,BEFORE,P100,PASS
MX00396,BEFORE,P100,PASS
MX00397,BEFORE,P100,PASS
MX00398,BEFORE,P100,PASS
MX00399,BEFORE,P100,PASS
MX00400,BEFORE,P100,PASS
MX00401,BEFORE,P100,PASS
MX00402,BEFORE,P100,PASS
MX00403,BEFORE,P100,PASS
MX00404,BEFORE,P100,PASS
MX00405,BEFORE,P100,PASS
MX00406,BEFORE,P100,PASS
MX00407,BEFORE,P100,PASS
MX00408,BEFORE,P100,PASS
MX00409,BEFORE,P100,PASS
MX00410,BEFORE,P100,PASS
MX00411,BEFORE,P100,PASS
MX00412,BEFORE,P100,PASS
MX00413,BEFORE,P100,PASS
MX00414,BEFORE,P100,PASS
MX00415,BEFORE,P100,PASS
MX00416,BEFORE,P100,PASS
MX00417,BEFORE,P100,PASS
MX00418,BEFORE,P100,PASS
MX00419,BEFORE,P100,PASS
MX00420,BEFORE,P100,PASS
MX00421,BEFORE,P100,PASS
MX00422,BEFORE,P100,PASS
MX00423,BEFORE,P100,PASS
MX00424,BEFORE,P100,PASS
MX00425,BEFORE,P100,PASS
MX00426,BEFORE,P100,PASS
MX00427,BEFORE,P100,PASS
MX00428,BEFORE,P100,PASS
MX00429,BEFORE,P100,PASS
MX00430,BEFORE,P100,PASS
MX00431,BEFORE,P100,PASS
MX00432,BEFORE,P100,PASS
MX00433,BEFORE,P100,PASS
MX00434,BEFORE,P100,PASS
MX00435,BEFORE,P100,PASS
MX00436,BEFORE,P100,PASS
MX00437,BEFORE,P100,PASS
MX00438,BEFORE,P100,PASS
MX00439,BEFORE,P100,PASS
MX00440,BEFORE,P100,PASS
MX00441,BEFORE,P100,PASS
MX00442,BEFORE,P100,PASS
MX00443,BEFORE,P100,PASS
MX00444,BEFORE,P100,PASS
MX00445,BEFORE,P100,PASS
MX00446,BEFORE,P100,PASS
MX00447,BEFORE,P100,PASS
MX00448,BEFORE,P100,PASS
MX00449,BEFORE,P100,PASS
MX00450,BEFORE,P100,PASS
MX00451,BEFORE,P100,PASS
MX00452,BEFORE,P100,PASS
MX00453,BEFORE,P100,PASS
MX00454,BEFORE,P100,PASS
MX00455,BEFORE,P100,PASS
MX00456,BEFORE,P100,PASS
MX00457,BEFORE,P100,PASS
MX00458,BEFORE,P100,PASS
MX00459,BEFORE,P100,PASS
MX00460,BEFORE,P100,PASS
MX00461,BEFORE,P100,PASS
MX00462,BEFORE,P100,PASS
MX00463,BEFORE,P100,PASS
MX00464,BEFORE,P100,PASS
MX00465,BEFORE,P100,PASS
MX00466,BEFORE,P100,PASS
MX00467,BEFORE,P100,PASS
MX00468,BEFORE,P100,PASS
MX00469,BEFORE,P100,PASS
MX00470,BEFORE,P100,PASS
MX00471,BEFORE,P100,PASS
MX00472,BEFORE,P100,PASS
MX00473,BEFORE,P100,PASS
MX00474,BEFORE,P100,PASS
MX00475,BEFORE,P100,PASS
MX00476,BEFORE,P100,PASS
MX00477,BEFORE,P100,PASS
MX00478,BEFORE,P100,PASS
MX00479,BEFORE,P100,PASS
MX00480,BEFORE,P100,PASS
MX00481,BEFORE,P100,PASS
MX00482,BEFORE,P100,PASS
MX00483,BEFORE,P100,PASS
MX00484,BEFORE,P100,PASS
MX00485,BEFORE,P100,PASS
MX00486,BEFORE,P100,PASS
MX00487,BEFORE,P100,PASS
MX00488,BEFORE,P100,PASS
MX00489,BEFORE,P100,PASS
MX00490,BEFORE,P100,PASS
MX00491,BEFORE,P100,PASS
MX00492,BEFORE,P100,PASS
MX00493,BEFORE,P100,PASS
MX00494,BEFORE,P100,PASS
MX00495,BEFORE,P100,PASS
MX00496,BEFORE,P100,PASS
MX00497,BEFORE,P100,PASS
MX00498,BEFORE,P100,PASS
MX00499,BEFORE,P100,PASS
MX00500,BEFORE,P100,PASS
MX00501,BEFORE,P100,PASS
MX00502,BEFORE,P100,PASS
MX00503,BEFORE,P100,PASS
MX00504,BEFORE,P100,PASS
MX00505,BEFORE,P100,PASS
MX00506,BEFORE,P100,PASS
MX00507,BEFORE,P100,PASS
MX00508,BEFORE,P100,PASS
MX00509,BEFORE,P100,PASS
MX00510,BEFORE,P100,PASS
MX00511,BEFORE,P100,PASS
MX00512,BEFORE,P100,PASS
MX00513,BEFORE,P100,PASS
MX00514,BEFORE,P100,PASS
MX00515,BEFORE,P100,PASS
MX00516,BEFORE,P100,PASS
MX00517,BEFORE,P100,PASS
MX00518,BEFORE,P100,PASS
MX00519,BEFORE,P100,PASS
MX00520,BEFORE,P100,PASS
MX00521,BEFORE,P100,PASS
MX00522,BEFORE,P100,PASS
MX00523,BEFORE,P100,PASS
MX00524,BEFORE,P100,PASS
MX00525,BEFORE,P100,PASS
MX00526,BEFORE,P100,PASS
MX00527,BEFORE,P100,PASS
MX00528,BEFORE,P100,PASS
MX00529,BEFORE,P100,PASS
MX00530,BEFORE,P100,PASS
MX00531,BEFORE,P100,PASS
MX00532,BEFORE,P100,PASS
MX00533,BEFORE,P100,PASS
MX00534,BEFORE,P100,PASS
MX00535,BEFORE,P100,PASS
MX00536,BEFORE,P100,PASS
MX00537,BEFORE,P100,PASS
MX00538,BEFORE,P100,PASS
MX00539,BEFORE,P100,PASS
MX00540,BEFORE,P100,PASS
MX00541,BEFORE,P100,PASS
MX00542,BEFORE,P100,PASS
MX00543,BEFORE,P100,PASS
MX00544,BEFORE,P100,PASS
MX00545,BEFORE,P100,PASS
MX00546,BEFORE,P100,PASS
MX00547,BEFORE,P100,PASS
MX00548,BEFORE,P100,PASS
MX00549,BEFORE,P100,PASS
MX00550,BEFORE,P100,PASS
MX00551,BEFORE,P100,PASS
MX00552,BEFORE,P100,PASS
MX00553,BEFORE,P100,PASS
MX00554,BEFORE,P100,PASS
MX00555,BEFORE,P100,PASS
MX00556,BEFORE,P100,PASS
MX00557,BEFORE,P100,PASS
MX00558,BEFORE,P100,PASS
MX00559,BEFORE,P100,PASS
MX00560,BEFORE,P100,PASS
MX00561,BEFORE,P100,PASS
MX00562,BEFORE,P100,PASS
MX00563,BEFORE,P100,PASS
MX00564,BEFORE,P100,PASS
MX00565,BEFORE,P100,PASS
MX00566,BEFORE,P100,PASS
MX00567,BEFORE,P100,PASS
MX00568,BEFORE,P100,PASS
MX00569,BEFORE,P100,PASS
MX00570,BEFORE,P100,PASS
MX00571,BEFORE,P100,PASS
MX00572,BEFORE,P100,PASS
MX00573,BEFORE,P100,PASS
MX00574,BEFORE,P100,PASS
MX00575,BEFORE,P100,PASS
MX00576,BEFORE,P100,PASS
MX00577,BEFORE,P100,PASS
MX00578,BEFORE,P100,PASS
MX00579,BEFORE,P100,PASS
MX00580,BEFORE,P100,PASS
MX00581,BEFORE,P100,PASS
MX00582,BEFORE,P100,PASS
MX00583,BEFORE,P100,PASS
MX00584,BEFORE,P100,PASS
MX00585,BEFORE,P100,PASS
MX00586,BEFORE,P100,PASS
MX00587,BEFORE,P100,PASS
MX00588,BEFORE,P100,PASS
MX00589,BEFORE,P100,PASS
MX00590,BEFORE,P100,PASS
MX00591,BEFORE,P100,PASS
MX00592,BEFORE,P100,PASS
MX00593,BEFORE,P100,PASS
MX00594,BEFORE,P100,PASS
MX00595,BEFORE,P100,PASS
MX00596,BEFORE,P100,PASS
MX00597,BEFORE,P100,PASS
MX00598,BEFORE,P100,PASS
MX00599,BEFORE,P100,PASS
MX00600,BEFORE,P100,PASS
MX00601,BEFORE,P100,PASS
MX00602,BEFORE,P100,PASS
MX00603,BEFORE,P100,PASS
MX00604,BEFORE,P100,PASS
MX00605,BEFORE,P100,PASS
MX00606,BEFORE,P100,PASS
MX00607,BEFORE,P100,PASS
MX00608,BEFORE,P100,PASS
MX00609,BEFORE,P100,PASS
MX00610,BEFORE,P100,PASS
MX00611,BEFORE,P100,PASS
MX00612,BEFORE,P100,PASS
MX00613,BEFORE,P100,PASS
MX00614,BEFORE,P100,PASS
MX00615,BEFORE,P100,PASS
MX00616,BEFORE,P100,PASS
MX00617,BEFORE,P100,PASS
MX00618,BEFORE,P100,PASS
MX00619,BEFORE,P100,PASS
MX00620,BEFORE,P100,PASS
MX00621,BEFORE,P100,PASS
MX00622,BEFORE,P100,PASS
MX00623,BEFORE,P100,PASS
MX00624,BEFORE,P100,PASS
MX00625,BEFORE,P100,PASS
MX00626,BEFORE,P100,PASS
MX00627,BEFORE,P100,PASS
MX00628,BEFORE,P100,PASS
MX00629,BEFORE,P100,PASS
MX00630,BEFORE,P100,PASS
MX00631,BEFORE,P100,PASS
MX00632,BEFORE,P100,PASS
MX00633,BEFORE,P100,PASS
MX00634,BEFORE,P100,PASS
MX00635,BEFORE,P100,PASS
MX00636,BEFORE,P100,PASS
MX00637,BEFORE,P100,PASS
MX00638,BEFORE,P100,PASS
MX00639,BEFORE,P100,PASS
MX00640,BEFORE,P100,PASS
MX00641,BEFORE,P100,PASS
MX00642,BEFORE,P100,PASS
MX00643,BEFORE,P100,PASS
MX00644,BEFORE,P100,PASS
MX00645,BEFORE,P100,PASS
MX00646,BEFORE,P100,PASS
MX00647,BEFORE,P100,PASS
MX00648,BEFORE,P100,PASS
MX00649,BEFORE,P100,PASS
MX00650,BEFORE,P100,PASS
MX00651,BEFORE,P100,PASS
MX00652,BEFORE,P100,PASS
MX00653,BEFORE,P100,PASS
MX00654,BEFORE,P100,PASS
MX00655,BEFORE,P100,PASS
MX00656,BEFORE,P100,PASS
MX00657,BEFORE,P100,PASS
MX00658,BEFORE,P100,PASS
MX00659,BEFORE,P100,PASS
MX00660,BEFORE,P100,PASS
MX00661,BEFORE,P100,PASS
MX00662,BEFORE,P100,PASS
MX00663,BEFORE,P100,PASS
MX00664,BEFORE,P100,PASS
MX00665,BEFORE,P100,PASS
MX00666,BEFORE,P100,PASS
MX00667,BEFORE,P100,PASS
MX00668,BEFORE,P100,PASS
MX00669,BEFORE,P100,PASS
MX00670,BEFORE,P100,PASS
MX00671,BEFORE,P100,PASS
MX00672,BEFORE,P100,PASS
MX00673,BEFORE,P100,PASS
MX00674,BEFORE,P100,PASS
MX00675,BEFORE,P100,PASS
MX00676,BEFORE,P100,PASS
MX00677,BEFORE,P100,PASS
MX00678,BEFORE,P100,PASS
MX00679,BEFORE,P100,PASS
MX00680,BEFORE,P100,PASS
MX00681,BEFORE,P100,PASS
MX00682,BEFORE,P100,PASS
MX00683,BEFORE,P100,PASS
MX00684,BEFORE,P100,PASS
MX00685,BEFORE,P100,PASS
MX00686,BEFORE,P100,PASS
MX00687,BEFORE,P100,PASS
MX00688,BEFORE,P100,PASS
MX00689,BEFORE,P100,PASS
MX00690,BEFORE,P100,PASS
MX00691,BEFORE,P100,PASS
MX00692,BEFORE,P100,PASS
MX00693,BEFORE,P100,PASS
MX00694,BEFORE,P100,PASS
MX00695,BEFORE,P100,PASS
MX00696,BEFORE,P100,PASS
MX00697,BEFORE,P100,PASS
MX00698,BEFORE,P100,PASS
MX00699,BEFORE,P100,PASS
MX00700,BEFORE,P100,PASS
MX00701,BEFORE,P100,PASS
MX00702,BEFORE,P100,PASS
MX00703,BEFORE,P100,PASS
MX00704,BEFORE,P100,PASS
MX00705,BEFORE,P100,PASS
MX00706,BEFORE,P100,PASS
MX00707,BEFORE,P100,PASS
MX00708,BEFORE,P100,PASS
MX00709,BEFORE,P100,PASS
MX00710,BEFORE,P100,PASS
MX00711,BEFORE,P100,PASS
MX00712,BEFORE,P100,PASS
MX00713,BEFORE,P100,PASS
MX00714,BEFORE,P100,PASS
MX00715,BEFORE,P100,PASS
MX00716,BEFORE,P100,PASS
MX00717,BEFORE,P100,PASS
MX00718,BEFORE,P100,PASS
MX00719,BEFORE,P100,PASS
MX00720,BEFORE,P100,PASS
MX00721,BEFORE,P100,PASS
MX00722,BEFORE,P100,PASS
MX00723,BEFORE,P100,PASS
MX00724,BEFORE,P100,PASS
MX00725,BEFORE,P100,PASS
MX00726,BEFORE,P100,PASS
MX00727,BEFORE,P100,PASS
MX00728,BEFORE,P100,PASS
MX00729,BEFORE,P100,PASS
MX00730,BEFORE,P100,PASS
MX00731,BEFORE,P100,PASS
MX00732,BEFORE,P100,PASS
MX00733,BEFORE,P100,PASS
MX00734,BEFORE,P100,PASS
MX00735,BEFORE,P100,PASS
MX00736,BEFORE,P100,PASS
MX00737,BEFORE,P100,PASS
MX00738,BEFORE,P100,PASS
MX00739,BEFORE,P100,PASS
MX00740,BEFORE,P100,PASS
MX00741,BEFORE,P100,PASS
MX00742,BEFORE,P100,PASS
MX00743,BEFORE,P100,PASS
MX00744,BEFORE,P100,PASS
MX00745,BEFORE,P100,PASS
MX00746,BEFORE,P100,PASS
MX00747,BEFORE,P100,PASS
MX00748,BEFORE,P100,PASS
MX00749,BEFORE,P100,PASS
MX00750,BEFORE,P100,PASS
MX00751,BEFORE,P100,PASS
MX00752,BEFORE,P100,PASS
MX00753,BEFORE,P100,PASS
MX00754,BEFORE,P100,PASS
MX00755,BEFORE,P100,PASS
MX00756,BEFORE,P100,PASS
MX00757,BEFORE,P100,PASS
MX00758,BEFORE,P100,PASS
MX00759,BEFORE,P100,PASS
MX00760,BEFORE,P100,PASS
MX00761,BEFORE,P100,PASS
MX00762,BEFORE,P100,PASS
MX00763,BEFORE,P100,PASS
MX00764,BEFORE,P100,PASS
MX00765,BEFORE,P100,PASS
MX00766,BEFORE,P100,PASS
MX00767,BEFORE,P100,PASS
MX00768,BEFORE,P100,PASS
MX00769,BEFORE,P100,PASS
MX00770,BEFORE,P100,PASS
MX00771,BEFORE,P100,PASS
MX00772,BEFORE,P100,PASS
MX00773,BEFORE,P100,PASS
MX00774,BEFORE,P100,PASS
MX00775,BEFORE,P100,PASS
MX00776,BEFORE,P100,PASS
MX00777,BEFORE,P100,PASS
MX00778,BEFORE,P100,PASS
MX00779,BEFORE,P100,PASS
MX00780,BEFORE,P100,PASS
MX00781,BEFORE,P100,PASS
MX00782,BEFORE,P100,PASS
MX00783,BEFORE,P100,PASS
MX00784,BEFORE,P100,PASS
MX00785,BEFORE,P100,PASS
MX00786,BEFORE,P100,PASS
MX00787,BEFORE,P100,PASS
MX00788,BEFORE,P100,PASS
MX00789,BEFORE,P100,PASS
MX00790,BEFORE,P100,PASS
MX00791,BEFORE,P100,PASS
MX00792,BEFORE,P100,PASS
MX00793,BEFORE,P100,PASS
MX00794,BEFORE,P100,PASS
MX00795,BEFORE,P100,PASS
MX00796,BEFORE,P100,PASS
MX00797,BEFORE,P100,PASS
MX00798,BEFORE,P100,PASS
MX00799,BEFORE,P100,PASS
MX00800,BEFORE,P100,PASS
MX00801,BEFORE,P100,PASS
MX00802,BEFORE,P100,PASS
MX00803,BEFORE,P100,PASS
MX00804,BEFORE,P100,PASS
MX00805,BEFORE,P100,PASS
MX00806,BEFORE,P100,PASS
MX00807,BEFORE,P100,PASS
MX00808,BEFORE,P100,PASS
MX00809,BEFORE,P100,PASS
MX00810,BEFORE,P100,PASS
MX00811,BEFORE,P100,PASS
MX00812,BEFORE,P100,PASS
MX00813,BEFORE,P100,PASS
MX00814,BEFORE,P100,PASS
MX00815,BEFORE,P100,PASS
MX00816,BEFORE,P100,PASS
MX00817,BEFORE,P100,PASS
MX00818,BEFORE,P100,PASS
MX00819,BEFORE,P100,PASS
MX00820,BEFORE,P100,PASS
MX00821,BEFORE,P100,PASS
MX00822,BEFORE,P100,PASS
MX00823,BEFORE,P100,PASS
MX00824,BEFORE,P100,PASS
MX00825,BEFORE,P100,PASS
MX00826,BEFORE,P100,PASS
MX00827,BEFORE,P100,PASS
MX00828,BEFORE,P100,PASS
MX00829,BEFORE,P100,PASS
MX00830,BEFORE,P100,PASS
MX00831,BEFORE,P100,PASS
MX00832,BEFORE,P100,PASS
MX00833,BEFORE,P100,PASS
MX00834,BEFORE,P100,PASS
MX00835,BEFORE,P100,PASS
MX00836,BEFORE,P100,PASS
MX00837,BEFORE,P100,PASS
MX00838,BEFORE,P100,PASS
MX00839,BEFORE,P100,PASS
MX00840,BEFORE,P100,PASS
MX00841,BEFORE,P100,PASS
MX00842,BEFORE,P100,PASS
MX00843,BEFORE,P100,PASS
MX00844,BEFORE,P100,PASS
MX00845,BEFORE,P100,PASS
MX00846,BEFORE,P100,PASS
MX00847,BEFORE,P100,PASS
MX00848,BEFORE,P100,PASS
MX00849,BEFORE,P100,PASS
MX00850,BEFORE,P100,PASS
MX00851,BEFORE,P100,PASS
MX00852,BEFORE,P100,PASS
MX00853,BEFORE,P100,PASS
MX00854,BEFORE,P100,PASS
MX00855,BEFORE,P100,PASS
MX00856,BEFORE,P100,PASS
MX00857,BEFORE,P100,PASS
MX00858,BEFORE,P100,PASS
MX00859,BEFORE,P100,PASS
MX00860,BEFORE,P100,PASS
MX00861,BEFORE,P100,PASS
MX00862,BEFORE,P100,PASS
MX00863,BEFORE,P100,PASS
MX00864,BEFORE,P100,PASS
MX00865,BEFORE,P100,PASS
MX00866,BEFORE,P100,PASS
MX00867,BEFORE,P100,PASS
MX00868,BEFORE,P100,PASS
MX00869,BEFORE,P100,PASS
MX00870,BEFORE,P100,PASS
MX00871,BEFORE,P100,PASS
MX00872,BEFORE,P100,PASS
MX00873,BEFORE,P100,PASS
MX00874,BEFORE,P100,PASS
MX00875,BEFORE,P100,PASS
MX00876,BEFORE,P100,PASS
MX00877,BEFORE,P100,PASS
MX00878,BEFORE,P100,PASS
MX00879,BEFORE,P100,PASS
MX00880,BEFORE,P100,PASS
MX00881,BEFORE,P100,PASS
MX00882,BEFORE,P100,PASS
MX00883,BEFORE,P100,PASS
MX00884,BEFORE,P100,PASS
MX00885,BEFORE,P100,PASS
MX00886,BEFORE,P100,PASS
MX00887,BEFORE,P100,PASS
MX00888,BEFORE,P100,PASS
MX00889,BEFORE,P100,PASS
MX00890,BEFORE,P100,PASS
MX00891,BEFORE,P100,PASS
MX00892,BEFORE,P100,PASS
MX00893,BEFORE,P100,PASS
MX00894,BEFORE,P100,PASS
MX00895,BEFORE,P100,PASS
MX00896,BEFORE,P100,PASS
MX00897,BEFORE,P100,PASS
MX00898,BEFORE,P100,PASS
MX00899,BEFORE,P100,PASS
MX00900,BEFORE,P100,PASS
MX00901,BEFORE,P200,FAIL
MX00902,BEFORE,P200,FAIL
MX00903,BEFORE,P200,FAIL
MX00904,BEFORE,P200,FAIL
MX00905,BEFORE,P200,FAIL
MX00906,BEFORE,P200,FAIL
MX00907,BEFORE,P200,FAIL
MX00908,BEFORE,P200,FAIL
MX00909,BEFORE,P200,FAIL
MX00910,BEFORE,P200,FAIL
MX00911,BEFORE,P200,PASS
MX00912,BEFORE,P200,PASS
MX00913,BEFORE,P200,PASS
MX00914,BEFORE,P200,PASS
MX00915,BEFORE,P200,PASS
MX00916,BEFORE,P200,PASS
MX00917,BEFORE,P200,PASS
MX00918,BEFORE,P200,PASS
MX00919,BEFORE,P200,PASS
MX00920,BEFORE,P200,PASS
MX00921,BEFORE,P200,PASS
MX00922,BEFORE,P200,PASS
MX00923,BEFORE,P200,PASS
MX00924,BEFORE,P200,PASS
MX00925,BEFORE,P200,PASS
MX00926,BEFORE,P200,PASS
MX00927,BEFORE,P200,PASS
MX00928,BEFORE,P200,PASS
MX00929,BEFORE,P200,PASS
MX00930,BEFORE,P200,PASS
MX00931,BEFORE,P200,PASS
MX00932,BEFORE,P200,PASS
MX00933,BEFORE,P200,PASS
MX00934,BEFORE,P200,PASS
MX00935,BEFORE,P200,PASS
MX00936,BEFORE,P200,PASS
MX00937,BEFORE,P200,PASS
MX00938,BEFORE,P200,PASS
MX00939,BEFORE,P200,PASS
MX00940,BEFORE,P200,PASS
MX00941,BEFORE,P200,PASS
MX00942,BEFORE,P200,PASS
MX00943,BEFORE,P200,PASS
MX00944,BEFORE,P200,PASS
MX00945,BEFORE,P200,PASS
MX00946,BEFORE,P200,PASS
MX00947,BEFORE,P200,PASS
MX00948,BEFORE,P200,PASS
MX00949,BEFORE,P200,PASS
MX00950,BEFORE,P200,PASS
MX00951,BEFORE,P200,PASS
MX00952,BEFORE,P200,PASS
MX00953,BEFORE,P200,PASS
MX00954,BEFORE,P200,PASS
MX00955,BEFORE,P200,PASS
MX00956,BEFORE,P200,PASS
MX00957,BEFORE,P200,PASS
MX00958,BEFORE,P200,PASS
MX00959,BEFORE,P200,PASS
MX00960,BEFORE,P200,PASS
MX00961,BEFORE,P200,PASS
MX00962,BEFORE,P200,PASS
MX00963,BEFORE,P200,PASS
MX00964,BEFORE,P200,PASS
MX00965,BEFORE,P200,PASS
MX00966,BEFORE,P200,PASS
MX00967,BEFORE,P200,PASS
MX00968,BEFORE,P200,PASS
MX00969,BEFORE,P200,PASS
MX00970,BEFORE,P200,PASS
MX00971,BEFORE,P200,PASS
MX00972,BEFORE,P200,PASS
MX00973,BEFORE,P200,PASS
MX00974,BEFORE,P200,PASS
MX00975,BEFORE,P200,PASS
MX00976,BEFORE,P200,PASS
MX00977,BEFORE,P200,PASS
MX00978,BEFORE,P200,PASS
MX00979,BEFORE,P200,PASS
MX00980,BEFORE,P200,PASS
MX00981,BEFORE,P200,PASS
MX00982,BEFORE,P200,PASS
MX00983,BEFORE,P200,PASS
MX00984,BEFORE,P200,PASS
MX00985,BEFORE,P200,PASS
MX00986,BEFORE,P200,PASS
MX00987,BEFORE,P200,PASS
MX00988,BEFORE,P200,PASS
MX00989,BEFORE,P200,PASS
MX00990,BEFORE,P200,PASS
MX00991,BEFORE,P200,PASS
MX00992,BEFORE,P200,PASS
MX00993,BEFORE,P200,PASS
MX00994,BEFORE,P200,PASS
MX00995,BEFORE,P200,PASS
MX00996,BEFORE,P200,PASS
MX00997,BEFORE,P200,PASS
MX00998,BEFORE,P200,PASS
MX00999,BEFORE,P200,PASS
MX01000,BEFORE,P200,PASS
MX01001,AFTER,P100,FAIL
MX01002,AFTER,P100,PASS
MX01003,AFTER,P100,PASS
MX01004,AFTER,P100,PASS
MX01005,AFTER,P100,PASS
MX01006,AFTER,P100,PASS
MX01007,AFTER,P100,PASS
MX01008,AFTER,P100,PASS
MX01009,AFTER,P100,PASS
MX01010,AFTER,P100,PASS
MX01011,AFTER,P100,PASS
MX01012,AFTER,P100,PASS
MX01013,AFTER,P100,PASS
MX01014,AFTER,P100,PASS
MX01015,AFTER,P100,PASS
MX01016,AFTER,P100,PASS
MX01017,AFTER,P100,PASS
MX01018,AFTER,P100,PASS
MX01019,AFTER,P100,PASS
MX01020,AFTER,P100,PASS
MX01021,AFTER,P100,PASS
MX01022,AFTER,P100,PASS
MX01023,AFTER,P100,PASS
MX01024,AFTER,P100,PASS
MX01025,AFTER,P100,PASS
MX01026,AFTER,P100,PASS
MX01027,AFTER,P100,PASS
MX01028,AFTER,P100,PASS
MX01029,AFTER,P100,PASS
MX01030,AFTER,P100,PASS
MX01031,AFTER,P100,PASS
MX01032,AFTER,P100,PASS
MX01033,AFTER,P100,PASS
MX01034,AFTER,P100,PASS
MX01035,AFTER,P100,PASS
MX01036,AFTER,P100,PASS
MX01037,AFTER,P100,PASS
MX01038,AFTER,P100,PASS
MX01039,AFTER,P100,PASS
MX01040,AFTER,P100,PASS
MX01041,AFTER,P100,PASS
MX01042,AFTER,P100,PASS
MX01043,AFTER,P100,PASS
MX01044,AFTER,P100,PASS
MX01045,AFTER,P100,PASS
MX01046,AFTER,P100,PASS
MX01047,AFTER,P100,PASS
MX01048,AFTER,P100,PASS
MX01049,AFTER,P100,PASS
MX01050,AFTER,P100,PASS
MX01051,AFTER,P100,PASS
MX01052,AFTER,P100,PASS
MX01053,AFTER,P100,PASS
MX01054,AFTER,P100,PASS
MX01055,AFTER,P100,PASS
MX01056,AFTER,P100,PASS
MX01057,AFTER,P100,PASS
MX01058,AFTER,P100,PASS
MX01059,AFTER,P100,PASS
MX01060,AFTER,P100,PASS
MX01061,AFTER,P100,PASS
MX01062,AFTER,P100,PASS
MX01063,AFTER,P100,PASS
MX01064,AFTER,P100,PASS
MX01065,AFTER,P100,PASS
MX01066,AFTER,P100,PASS
MX01067,AFTER,P100,PASS
MX01068,AFTER,P100,PASS
MX01069,AFTER,P100,PASS
MX01070,AFTER,P100,PASS
MX01071,AFTER,P100,PASS
MX01072,AFTER,P100,PASS
MX01073,AFTER,P100,PASS
MX01074,AFTER,P100,PASS
MX01075,AFTER,P100,PASS
MX01076,AFTER,P100,PASS
MX01077,AFTER,P100,PASS
MX01078,AFTER,P100,PASS
MX01079,AFTER,P100,PASS
MX01080,AFTER,P100,PASS
MX01081,AFTER,P100,PASS
MX01082,AFTER,P100,PASS
MX01083,AFTER,P100,PASS
MX01084,AFTER,P100,PASS
MX01085,AFTER,P100,PASS
MX01086,AFTER,P100,PASS
MX01087,AFTER,P100,PASS
MX01088,AFTER,P100,PASS
MX01089,AFTER,P100,PASS
MX01090,AFTER,P100,PASS
MX01091,AFTER,P100,PASS
MX01092,AFTER,P100,PASS
MX01093,AFTER,P100,PASS
MX01094,AFTER,P100,PASS
MX01095,AFTER,P100,PASS
MX01096,AFTER,P100,PASS
MX01097,AFTER,P100,PASS
MX01098,AFTER,P100,PASS
MX01099,AFTER,P100,PASS
MX01100,AFTER,P100,PASS
MX01101,AFTER,P200,FAIL
MX01102,AFTER,P200,FAIL
MX01103,AFTER,P200,FAIL
MX01104,AFTER,P200,FAIL
MX01105,AFTER,P200,FAIL
MX01106,AFTER,P200,FAIL
MX01107,AFTER,P200,FAIL
MX01108,AFTER,P200,FAIL
MX01109,AFTER,P200,FAIL
MX01110,AFTER,P200,FAIL
MX01111,AFTER,P200,FAIL
MX01112,AFTER,P200,FAIL
MX01113,AFTER,P200,FAIL
MX01114,AFTER,P200,FAIL
MX01115,AFTER,P200,FAIL
MX01116,AFTER,P200,FAIL
MX01117,AFTER,P200,FAIL
MX01118,AFTER,P200,FAIL
MX01119,AFTER,P200,FAIL
MX01120,AFTER,P200,FAIL
MX01121,AFTER,P200,FAIL
MX01122,AFTER,P200,FAIL
MX01123,AFTER,P200,FAIL
MX01124,AFTER,P200,FAIL
MX01125,AFTER,P200,FAIL
MX01126,AFTER,P200,FAIL
MX01127,AFTER,P200,FAIL
MX01128,AFTER,P200,FAIL
MX01129,AFTER,P200,FAIL
MX01130,AFTER,P200,FAIL
MX01131,AFTER,P200,FAIL
MX01132,AFTER,P200,FAIL
MX01133,AFTER,P200,FAIL
MX01134,AFTER,P200,FAIL
MX01135,AFTER,P200,FAIL
MX01136,AFTER,P200,FAIL
MX01137,AFTER,P200,FAIL
MX01138,AFTER,P200,FAIL
MX01139,AFTER,P200,FAIL
MX01140,AFTER,P200,FAIL
MX01141,AFTER,P200,FAIL
MX01142,AFTER,P200,FAIL
MX01143,AFTER,P200,FAIL
MX01144,AFTER,P200,FAIL
MX01145,AFTER,P200,FAIL
MX01146,AFTER,P200,FAIL
MX01147,AFTER,P200,FAIL
MX01148,AFTER,P200,FAIL
MX01149,AFTER,P200,FAIL
MX01150,AFTER,P200,FAIL
MX01151,AFTER,P200,FAIL
MX01152,AFTER,P200,FAIL
MX01153,AFTER,P200,FAIL
MX01154,AFTER,P200,FAIL
MX01155,AFTER,P200,FAIL
MX01156,AFTER,P200,FAIL
MX01157,AFTER,P200,FAIL
MX01158,AFTER,P200,FAIL
MX01159,AFTER,P200,FAIL
MX01160,AFTER,P200,FAIL
MX01161,AFTER,P200,FAIL
MX01162,AFTER,P200,FAIL
MX01163,AFTER,P200,FAIL
MX01164,AFTER,P200,FAIL
MX01165,AFTER,P200,FAIL
MX01166,AFTER,P200,FAIL
MX01167,AFTER,P200,FAIL
MX01168,AFTER,P200,FAIL
MX01169,AFTER,P200,FAIL
MX01170,AFTER,P200,FAIL
MX01171,AFTER,P200,FAIL
MX01172,AFTER,P200,FAIL
MX01173,AFTER,P200,FAIL
MX01174,AFTER,P200,FAIL
MX01175,AFTER,P200,FAIL
MX01176,AFTER,P200,FAIL
MX01177,AFTER,P200,FAIL
MX01178,AFTER,P200,FAIL
MX01179,AFTER,P200,FAIL
MX01180,AFTER,P200,FAIL
MX01181,AFTER,P200,FAIL
MX01182,AFTER,P200,FAIL
MX01183,AFTER,P200,FAIL
MX01184,AFTER,P200,FAIL
MX01185,AFTER,P200,FAIL
MX01186,AFTER,P200,FAIL
MX01187,AFTER,P200,FAIL
MX01188,AFTER,P200,FAIL
MX01189,AFTER,P200,FAIL
MX01190,AFTER,P200,FAIL
MX01191,AFTER,P200,PASS
MX01192,AFTER,P200,PASS
MX01193,AFTER,P200,PASS
MX01194,AFTER,P200,PASS
MX01195,AFTER,P200,PASS
MX01196,AFTER,P200,PASS
MX01197,AFTER,P200,PASS
MX01198,AFTER,P200,PASS
MX01199,AFTER,P200,PASS
MX01200,AFTER,P200,PASS
MX01201,AFTER,P200,PASS
MX01202,AFTER,P200,PASS
MX01203,AFTER,P200,PASS
MX01204,AFTER,P200,PASS
MX01205,AFTER,P200,PASS
MX01206,AFTER,P200,PASS
MX01207,AFTER,P200,PASS
MX01208,AFTER,P200,PASS
MX01209,AFTER,P200,PASS
MX01210,AFTER,P200,PASS
MX01211,AFTER,P200,PASS
MX01212,AFTER,P200,PASS
MX01213,AFTER,P200,PASS
MX01214,AFTER,P200,PASS
MX01215,AFTER,P200,PASS
MX01216,AFTER,P200,PASS
MX01217,AFTER,P200,PASS
MX01218,AFTER,P200,PASS
MX01219,AFTER,P200,PASS
MX01220,AFTER,P200,PASS
MX01221,AFTER,P200,PASS
MX01222,AFTER,P200,PASS
MX01223,AFTER,P200,PASS
MX01224,AFTER,P200,PASS
MX01225,AFTER,P200,PASS
MX01226,AFTER,P200,PASS
MX01227,AFTER,P200,PASS
MX01228,AFTER,P200,PASS
MX01229,AFTER,P200,PASS
MX01230,AFTER,P200,PASS
MX01231,AFTER,P200,PASS
MX01232,AFTER,P200,PASS
MX01233,AFTER,P200,PASS
MX01234,AFTER,P200,PASS
MX01235,AFTER,P200,PASS
MX01236,AFTER,P200,PASS
MX01237,AFTER,P200,PASS
MX01238,AFTER,P200,PASS
MX01239,AFTER,P200,PASS
MX01240,AFTER,P200,PASS
MX01241,AFTER,P200,PASS
MX01242,AFTER,P200,PASS
MX01243,AFTER,P200,PASS
MX01244,AFTER,P200,PASS
MX01245,AFTER,P200,PASS
MX01246,AFTER,P200,PASS
MX01247,AFTER,P200,PASS
MX01248,AFTER,P200,PASS
MX01249,AFTER,P200,PASS
MX01250,AFTER,P200,PASS
MX01251,AFTER,P200,PASS
MX01252,AFTER,P200,PASS
MX01253,AFTER,P200,PASS
MX01254,AFTER,P200,PASS
MX01255,AFTER,P200,PASS
MX01256,AFTER,P200,PASS
MX01257,AFTER,P200,PASS
MX01258,AFTER,P200,PASS
MX01259,AFTER,P200,PASS
MX01260,AFTER,P200,PASS
MX01261,AFTER,P200,PASS
MX01262,AFTER,P200,PASS
MX01263,AFTER,P200,PASS
MX01264,AFTER,P200,PASS
MX01265,AFTER,P200,PASS
MX01266,AFTER,P200,PASS
MX01267,AFTER,P200,PASS
MX01268,AFTER,P200,PASS
MX01269,AFTER,P200,PASS
MX01270,AFTER,P200,PASS
MX01271,AFTER,P200,PASS
MX01272,AFTER,P200,PASS
MX01273,AFTER,P200,PASS
MX01274,AFTER,P200,PASS
MX01275,AFTER,P200,PASS
MX01276,AFTER,P200,PASS
MX01277,AFTER,P200,PASS
MX01278,AFTER,P200,PASS
MX01279,AFTER,P200,PASS
MX01280,AFTER,P200,PASS
MX01281,AFTER,P200,PASS
MX01282,AFTER,P200,PASS
MX01283,AFTER,P200,PASS
MX01284,AFTER,P200,PASS
MX01285,AFTER,P200,PASS
MX01286,AFTER,P200,PASS
MX01287,AFTER,P200,PASS
MX01288,AFTER,P200,PASS
MX01289,AFTER,P200,PASS
MX01290,AFTER,P200,PASS
MX01291,AFTER,P200,PASS
MX01292,AFTER,P200,PASS
MX01293,AFTER,P200,PASS
MX01294,AFTER,P200,PASS
MX01295,AFTER,P200,PASS
MX01296,AFTER,P200,PASS
MX01297,AFTER,P200,PASS
MX01298,AFTER,P200,PASS
MX01299,AFTER,P200,PASS
MX01300,AFTER,P200,PASS
MX01301,AFTER,P200,PASS
MX01302,AFTER,P200,PASS
MX01303,AFTER,P200,PASS
MX01304,AFTER,P200,PASS
MX01305,AFTER,P200,PASS
MX01306,AFTER,P200,PASS
MX01307,AFTER,P200,PASS
MX01308,AFTER,P200,PASS
MX01309,AFTER,P200,PASS
MX01310,AFTER,P200,PASS
MX01311,AFTER,P200,PASS
MX01312,AFTER,P200,PASS
MX01313,AFTER,P200,PASS
MX01314,AFTER,P200,PASS
MX01315,AFTER,P200,PASS
MX01316,AFTER,P200,PASS
MX01317,AFTER,P200,PASS
MX01318,AFTER,P200,PASS
MX01319,AFTER,P200,PASS
MX01320,AFTER,P200,PASS
MX01321,AFTER,P200,PASS
MX01322,AFTER,P200,PASS
MX01323,AFTER,P200,PASS
MX01324,AFTER,P200,PASS
MX01325,AFTER,P200,PASS
MX01326,AFTER,P200,PASS
MX01327,AFTER,P200,PASS
MX01328,AFTER,P200,PASS
MX01329,AFTER,P200,PASS
MX01330,AFTER,P200,PASS
MX01331,AFTER,P200,PASS
MX01332,AFTER,P200,PASS
MX01333,AFTER,P200,PASS
MX01334,AFTER,P200,PASS
MX01335,AFTER,P200,PASS
MX01336,AFTER,P200,PASS
MX01337,AFTER,P200,PASS
MX01338,AFTER,P200,PASS
MX01339,AFTER,P200,PASS
MX01340,AFTER,P200,PASS
MX01341,AFTER,P200,PASS
MX01342,AFTER,P200,PASS
MX01343,AFTER,P200,PASS
MX01344,AFTER,P200,PASS
MX01345,AFTER,P200,PASS
MX01346,AFTER,P200,PASS
MX01347,AFTER,P200,PASS
MX01348,AFTER,P200,PASS
MX01349,AFTER,P200,PASS
MX01350,AFTER,P200,PASS
MX01351,AFTER,P200,PASS
MX01352,AFTER,P200,PASS
MX01353,AFTER,P200,PASS
MX01354,AFTER,P200,PASS
MX01355,AFTER,P200,PASS
MX01356,AFTER,P200,PASS
MX01357,AFTER,P200,PASS
MX01358,AFTER,P200,PASS
MX01359,AFTER,P200,PASS
MX01360,AFTER,P200,PASS
MX01361,AFTER,P200,PASS
MX01362,AFTER,P200,PASS
MX01363,AFTER,P200,PASS
MX01364,AFTER,P200,PASS
MX01365,AFTER,P200,PASS
MX01366,AFTER,P200,PASS
MX01367,AFTER,P200,PASS
MX01368,AFTER,P200,PASS
MX01369,AFTER,P200,PASS
MX01370,AFTER,P200,PASS
MX01371,AFTER,P200,PASS
MX01372,AFTER,P200,PASS
MX01373,AFTER,P200,PASS
MX01374,AFTER,P200,PASS
MX01375,AFTER,P200,PASS
MX01376,AFTER,P200,PASS
MX01377,AFTER,P200,PASS
MX01378,AFTER,P200,PASS
MX01379,AFTER,P200,PASS
MX01380,AFTER,P200,PASS
MX01381,AFTER,P200,PASS
MX01382,AFTER,P200,PASS
MX01383,AFTER,P200,PASS
MX01384,AFTER,P200,PASS
MX01385,AFTER,P200,PASS
MX01386,AFTER,P200,PASS
MX01387,AFTER,P200,PASS
MX01388,AFTER,P200,PASS
MX01389,AFTER,P200,PASS
MX01390,AFTER,P200,PASS
MX01391,AFTER,P200,PASS
MX01392,AFTER,P200,PASS
MX01393,AFTER,P200,PASS
MX01394,AFTER,P200,PASS
MX01395,AFTER,P200,PASS
MX01396,AFTER,P200,PASS
MX01397,AFTER,P200,PASS
MX01398,AFTER,P200,PASS
MX01399,AFTER,P200,PASS
MX01400,AFTER,P200,PASS
MX01401,AFTER,P200,PASS
MX01402,AFTER,P200,PASS
MX01403,AFTER,P200,PASS
MX01404,AFTER,P200,PASS
MX01405,AFTER,P200,PASS
MX01406,AFTER,P200,PASS
MX01407,AFTER,P200,PASS
MX01408,AFTER,P200,PASS
MX01409,AFTER,P200,PASS
MX01410,AFTER,P200,PASS
MX01411,AFTER,P200,PASS
MX01412,AFTER,P200,PASS
MX01413,AFTER,P200,PASS
MX01414,AFTER,P200,PASS
MX01415,AFTER,P200,PASS
MX01416,AFTER,P200,PASS
MX01417,AFTER,P200,PASS
MX01418,AFTER,P200,PASS
MX01419,AFTER,P200,PASS
MX01420,AFTER,P200,PASS
MX01421,AFTER,P200,PASS
MX01422,AFTER,P200,PASS
MX01423,AFTER,P200,PASS
MX01424,AFTER,P200,PASS
MX01425,AFTER,P200,PASS
MX01426,AFTER,P200,PASS
MX01427,AFTER,P200,PASS
MX01428,AFTER,P200,PASS
MX01429,AFTER,P200,PASS
MX01430,AFTER,P200,PASS
MX01431,AFTER,P200,PASS
MX01432,AFTER,P200,PASS
MX01433,AFTER,P200,PASS
MX01434,AFTER,P200,PASS
MX01435,AFTER,P200,PASS
MX01436,AFTER,P200,PASS
MX01437,AFTER,P200,PASS
MX01438,AFTER,P200,PASS
MX01439,AFTER,P200,PASS
MX01440,AFTER,P200,PASS
MX01441,AFTER,P200,PASS
MX01442,AFTER,P200,PASS
MX01443,AFTER,P200,PASS
MX01444,AFTER,P200,PASS
MX01445,AFTER,P200,PASS
MX01446,AFTER,P200,PASS
MX01447,AFTER,P200,PASS
MX01448,AFTER,P200,PASS
MX01449,AFTER,P200,PASS
MX01450,AFTER,P200,PASS
MX01451,AFTER,P200,PASS
MX01452,AFTER,P200,PASS
MX01453,AFTER,P200,PASS
MX01454,AFTER,P200,PASS
MX01455,AFTER,P200,PASS
MX01456,AFTER,P200,PASS
MX01457,AFTER,P200,PASS
MX01458,AFTER,P200,PASS
MX01459,AFTER,P200,PASS
MX01460,AFTER,P200,PASS
MX01461,AFTER,P200,PASS
MX01462,AFTER,P200,PASS
MX01463,AFTER,P200,PASS
MX01464,AFTER,P200,PASS
MX01465,AFTER,P200,PASS
MX01466,AFTER,P200,PASS
MX01467,AFTER,P200,PASS
MX01468,AFTER,P200,PASS
MX01469,AFTER,P200,PASS
MX01470,AFTER,P200,PASS
MX01471,AFTER,P200,PASS
MX01472,AFTER,P200,PASS
MX01473,AFTER,P200,PASS
MX01474,AFTER,P200,PASS
MX01475,AFTER,P200,PASS
MX01476,AFTER,P200,PASS
MX01477,AFTER,P200,PASS
MX01478,AFTER,P200,PASS
MX01479,AFTER,P200,PASS
MX01480,AFTER,P200,PASS
MX01481,AFTER,P200,PASS
MX01482,AFTER,P200,PASS
MX01483,AFTER,P200,PASS
MX01484,AFTER,P200,PASS
MX01485,AFTER,P200,PASS
MX01486,AFTER,P200,PASS
MX01487,AFTER,P200,PASS
MX01488,AFTER,P200,PASS
MX01489,AFTER,P200,PASS
MX01490,AFTER,P200,PASS
MX01491,AFTER,P200,PASS
MX01492,AFTER,P200,PASS
MX01493,AFTER,P200,PASS
MX01494,AFTER,P200,PASS
MX01495,AFTER,P200,PASS
MX01496,AFTER,P200,PASS
MX01497,AFTER,P200,PASS
MX01498,AFTER,P200,PASS
MX01499,AFTER,P200,PASS
MX01500,AFTER,P200,PASS
MX01501,AFTER,P200,PASS
MX01502,AFTER,P200,PASS
MX01503,AFTER,P200,PASS
MX01504,AFTER,P200,PASS
MX01505,AFTER,P200,PASS
MX01506,AFTER,P200,PASS
MX01507,AFTER,P200,PASS
MX01508,AFTER,P200,PASS
MX01509,AFTER,P200,PASS
MX01510,AFTER,P200,PASS
MX01511,AFTER,P200,PASS
MX01512,AFTER,P200,PASS
MX01513,AFTER,P200,PASS
MX01514,AFTER,P200,PASS
MX01515,AFTER,P200,PASS
MX01516,AFTER,P200,PASS
MX01517,AFTER,P200,PASS
MX01518,AFTER,P200,PASS
MX01519,AFTER,P200,PASS
MX01520,AFTER,P200,PASS
MX01521,AFTER,P200,PASS
MX01522,AFTER,P200,PASS
MX01523,AFTER,P200,PASS
MX01524,AFTER,P200,PASS
MX01525,AFTER,P200,PASS
MX01526,AFTER,P200,PASS
MX01527,AFTER,P200,PASS
MX01528,AFTER,P200,PASS
MX01529,AFTER,P200,PASS
MX01530,AFTER,P200,PASS
MX01531,AFTER,P200,PASS
MX01532,AFTER,P200,PASS
MX01533,AFTER,P200,PASS
MX01534,AFTER,P200,PASS
MX01535,AFTER,P200,PASS
MX01536,AFTER,P200,PASS
MX01537,AFTER,P200,PASS
MX01538,AFTER,P200,PASS
MX01539,AFTER,P200,PASS
MX01540,AFTER,P200,PASS
MX01541,AFTER,P200,PASS
MX01542,AFTER,P200,PASS
MX01543,AFTER,P200,PASS
MX01544,AFTER,P200,PASS
MX01545,AFTER,P200,PASS
MX01546,AFTER,P200,PASS
MX01547,AFTER,P200,PASS
MX01548,AFTER,P200,PASS
MX01549,AFTER,P200,PASS
MX01550,AFTER,P200,PASS
MX01551,AFTER,P200,PASS
MX01552,AFTER,P200,PASS
MX01553,AFTER,P200,PASS
MX01554,AFTER,P200,PASS
MX01555,AFTER,P200,PASS
MX01556,AFTER,P200,PASS
MX01557,AFTER,P200,PASS
MX01558,AFTER,P200,PASS
MX01559,AFTER,P200,PASS
MX01560,AFTER,P200,PASS
MX01561,AFTER,P200,PASS
MX01562,AFTER,P200,PASS
MX01563,AFTER,P200,PASS
MX01564,AFTER,P200,PASS
MX01565,AFTER,P200,PASS
MX01566,AFTER,P200,PASS
MX01567,AFTER,P200,PASS
MX01568,AFTER,P200,PASS
MX01569,AFTER,P200,PASS
MX01570,AFTER,P200,PASS
MX01571,AFTER,P200,PASS
MX01572,AFTER,P200,PASS
MX01573,AFTER,P200,PASS
MX01574,AFTER,P200,PASS
MX01575,AFTER,P200,PASS
MX01576,AFTER,P200,PASS
MX01577,AFTER,P200,PASS
MX01578,AFTER,P200,PASS
MX01579,AFTER,P200,PASS
MX01580,AFTER,P200,PASS
MX01581,AFTER,P200,PASS
MX01582,AFTER,P200,PASS
MX01583,AFTER,P200,PASS
MX01584,AFTER,P200,PASS
MX01585,AFTER,P200,PASS
MX01586,AFTER,P200,PASS
MX01587,AFTER,P200,PASS
MX01588,AFTER,P200,PASS
MX01589,AFTER,P200,PASS
MX01590,AFTER,P200,PASS
MX01591,AFTER,P200,PASS
MX01592,AFTER,P200,PASS
MX01593,AFTER,P200,PASS
MX01594,AFTER,P200,PASS
MX01595,AFTER,P200,PASS
MX01596,AFTER,P200,PASS
MX01597,AFTER,P200,PASS
MX01598,AFTER,P200,PASS
MX01599,AFTER,P200,PASS
MX01600,AFTER,P200,PASS
MX01601,AFTER,P200,PASS
MX01602,AFTER,P200,PASS
MX01603,AFTER,P200,PASS
MX01604,AFTER,P200,PASS
MX01605,AFTER,P200,PASS
MX01606,AFTER,P200,PASS
MX01607,AFTER,P200,PASS
MX01608,AFTER,P200,PASS
MX01609,AFTER,P200,PASS
MX01610,AFTER,P200,PASS
MX01611,AFTER,P200,PASS
MX01612,AFTER,P200,PASS
MX01613,AFTER,P200,PASS
MX01614,AFTER,P200,PASS
MX01615,AFTER,P200,PASS
MX01616,AFTER,P200,PASS
MX01617,AFTER,P200,PASS
MX01618,AFTER,P200,PASS
MX01619,AFTER,P200,PASS
MX01620,AFTER,P200,PASS
MX01621,AFTER,P200,PASS
MX01622,AFTER,P200,PASS
MX01623,AFTER,P200,PASS
MX01624,AFTER,P200,PASS
MX01625,AFTER,P200,PASS
MX01626,AFTER,P200,PASS
MX01627,AFTER,P200,PASS
MX01628,AFTER,P200,PASS
MX01629,AFTER,P200,PASS
MX01630,AFTER,P200,PASS
MX01631,AFTER,P200,PASS
MX01632,AFTER,P200,PASS
MX01633,AFTER,P200,PASS
MX01634,AFTER,P200,PASS
MX01635,AFTER,P200,PASS
MX01636,AFTER,P200,PASS
MX01637,AFTER,P200,PASS
MX01638,AFTER,P200,PASS
MX01639,AFTER,P200,PASS
MX01640,AFTER,P200,PASS
MX01641,AFTER,P200,PASS
MX01642,AFTER,P200,PASS
MX01643,AFTER,P200,PASS
MX01644,AFTER,P200,PASS
MX01645,AFTER,P200,PASS
MX01646,AFTER,P200,PASS
MX01647,AFTER,P200,PASS
MX01648,AFTER,P200,PASS
MX01649,AFTER,P200,PASS
MX01650,AFTER,P200,PASS
MX01651,AFTER,P200,PASS
MX01652,AFTER,P200,PASS
MX01653,AFTER,P200,PASS
MX01654,AFTER,P200,PASS
MX01655,AFTER,P200,PASS
MX01656,AFTER,P200,PASS
MX01657,AFTER,P200,PASS
MX01658,AFTER,P200,PASS
MX01659,AFTER,P200,PASS
MX01660,AFTER,P200,PASS
MX01661,AFTER,P200,PASS
MX01662,AFTER,P200,PASS
MX01663,AFTER,P200,PASS
MX01664,AFTER,P200,PASS
MX01665,AFTER,P200,PASS
MX01666,AFTER,P200,PASS
MX01667,AFTER,P200,PASS
MX01668,AFTER,P200,PASS
MX01669,AFTER,P200,PASS
MX01670,AFTER,P200,PASS
MX01671,AFTER,P200,PASS
MX01672,AFTER,P200,PASS
MX01673,AFTER,P200,PASS
MX01674,AFTER,P200,PASS
MX01675,AFTER,P200,PASS
MX01676,AFTER,P200,PASS
MX01677,AFTER,P200,PASS
MX01678,AFTER,P200,PASS
MX01679,AFTER,P200,PASS
MX01680,AFTER,P200,PASS
MX01681,AFTER,P200,PASS
MX01682,AFTER,P200,PASS
MX01683,AFTER,P200,PASS
MX01684,AFTER,P200,PASS
MX01685,AFTER,P200,PASS
MX01686,AFTER,P200,PASS
MX01687,AFTER,P200,PASS
MX01688,AFTER,P200,PASS
MX01689,AFTER,P200,PASS
MX01690,AFTER,P200,PASS
MX01691,AFTER,P200,PASS
MX01692,AFTER,P200,PASS
MX01693,AFTER,P200,PASS
MX01694,AFTER,P200,PASS
MX01695,AFTER,P200,PASS
MX01696,AFTER,P200,PASS
MX01697,AFTER,P200,PASS
MX01698,AFTER,P200,PASS
MX01699,AFTER,P200,PASS
MX01700,AFTER,P200,PASS
MX01701,AFTER,P200,PASS
MX01702,AFTER,P200,PASS
MX01703,AFTER,P200,PASS
MX01704,AFTER,P200,PASS
MX01705,AFTER,P200,PASS
MX01706,AFTER,P200,PASS
MX01707,AFTER,P200,PASS
MX01708,AFTER,P200,PASS
MX01709,AFTER,P200,PASS
MX01710,AFTER,P200,PASS
MX01711,AFTER,P200,PASS
MX01712,AFTER,P200,PASS
MX01713,AFTER,P200,PASS
MX01714,AFTER,P200,PASS
MX01715,AFTER,P200,PASS
MX01716,AFTER,P200,PASS
MX01717,AFTER,P200,PASS
MX01718,AFTER,P200,PASS
MX01719,AFTER,P200,PASS
MX01720,AFTER,P200,PASS
MX01721,AFTER,P200,PASS
MX01722,AFTER,P200,PASS
MX01723,AFTER,P200,PASS
MX01724,AFTER,P200,PASS
MX01725,AFTER,P200,PASS
MX01726,AFTER,P200,PASS
MX01727,AFTER,P200,PASS
MX01728,AFTER,P200,PASS
MX01729,AFTER,P200,PASS
MX01730,AFTER,P200,PASS
MX01731,AFTER,P200,PASS
MX01732,AFTER,P200,PASS
MX01733,AFTER,P200,PASS
MX01734,AFTER,P200,PASS
MX01735,AFTER,P200,PASS
MX01736,AFTER,P200,PASS
MX01737,AFTER,P200,PASS
MX01738,AFTER,P200,PASS
MX01739,AFTER,P200,PASS
MX01740,AFTER,P200,PASS
MX01741,AFTER,P200,PASS
MX01742,AFTER,P200,PASS
MX01743,AFTER,P200,PASS
MX01744,AFTER,P200,PASS
MX01745,AFTER,P200,PASS
MX01746,AFTER,P200,PASS
MX01747,AFTER,P200,PASS
MX01748,AFTER,P200,PASS
MX01749,AFTER,P200,PASS
MX01750,AFTER,P200,PASS
MX01751,AFTER,P200,PASS
MX01752,AFTER,P200,PASS
MX01753,AFTER,P200,PASS
MX01754,AFTER,P200,PASS
MX01755,AFTER,P200,PASS
MX01756,AFTER,P200,PASS
MX01757,AFTER,P200,PASS
MX01758,AFTER,P200,PASS
MX01759,AFTER,P200,PASS
MX01760,AFTER,P200,PASS
MX01761,AFTER,P200,PASS
MX01762,AFTER,P200,PASS
MX01763,AFTER,P200,PASS
MX01764,AFTER,P200,PASS
MX01765,AFTER,P200,PASS
MX01766,AFTER,P200,PASS
MX01767,AFTER,P200,PASS
MX01768,AFTER,P200,PASS
MX01769,AFTER,P200,PASS
MX01770,AFTER,P200,PASS
MX01771,AFTER,P200,PASS
MX01772,AFTER,P200,PASS
MX01773,AFTER,P200,PASS
MX01774,AFTER,P200,PASS
MX01775,AFTER,P200,PASS
MX01776,AFTER,P200,PASS
MX01777,AFTER,P200,PASS
MX01778,AFTER,P200,PASS
MX01779,AFTER,P200,PASS
MX01780,AFTER,P200,PASS
MX01781,AFTER,P200,PASS
MX01782,AFTER,P200,PASS
MX01783,AFTER,P200,PASS
MX01784,AFTER,P200,PASS
MX01785,AFTER,P200,PASS
MX01786,AFTER,P200,PASS
MX01787,AFTER,P200,PASS
MX01788,AFTER,P200,PASS
MX01789,AFTER,P200,PASS
MX01790,AFTER,P200,PASS
MX01791,AFTER,P200,PASS
MX01792,AFTER,P200,PASS
MX01793,AFTER,P200,PASS
MX01794,AFTER,P200,PASS
MX01795,AFTER,P200,PASS
MX01796,AFTER,P200,PASS
MX01797,AFTER,P200,PASS
MX01798,AFTER,P200,PASS
MX01799,AFTER,P200,PASS
MX01800,AFTER,P200,PASS
MX01801,AFTER,P200,PASS
MX01802,AFTER,P200,PASS
MX01803,AFTER,P200,PASS
MX01804,AFTER,P200,PASS
MX01805,AFTER,P200,PASS
MX01806,AFTER,P200,PASS
MX01807,AFTER,P200,PASS
MX01808,AFTER,P200,PASS
MX01809,AFTER,P200,PASS
MX01810,AFTER,P200,PASS
MX01811,AFTER,P200,PASS
MX01812,AFTER,P200,PASS
MX01813,AFTER,P200,PASS
MX01814,AFTER,P200,PASS
MX01815,AFTER,P200,PASS
MX01816,AFTER,P200,PASS
MX01817,AFTER,P200,PASS
MX01818,AFTER,P200,PASS
MX01819,AFTER,P200,PASS
MX01820,AFTER,P200,PASS
MX01821,AFTER,P200,PASS
MX01822,AFTER,P200,PASS
MX01823,AFTER,P200,PASS
MX01824,AFTER,P200,PASS
MX01825,AFTER,P200,PASS
MX01826,AFTER,P200,PASS
MX01827,AFTER,P200,PASS
MX01828,AFTER,P200,PASS
MX01829,AFTER,P200,PASS
MX01830,AFTER,P200,PASS
MX01831,AFTER,P200,PASS
MX01832,AFTER,P200,PASS
MX01833,AFTER,P200,PASS
MX01834,AFTER,P200,PASS
MX01835,AFTER,P200,PASS
MX01836,AFTER,P200,PASS
MX01837,AFTER,P200,PASS
MX01838,AFTER,P200,PASS
MX01839,AFTER,P200,PASS
MX01840,AFTER,P200,PASS
MX01841,AFTER,P200,PASS
MX01842,AFTER,P200,PASS
MX01843,AFTER,P200,PASS
MX01844,AFTER,P200,PASS
MX01845,AFTER,P200,PASS
MX01846,AFTER,P200,PASS
MX01847,AFTER,P200,PASS
MX01848,AFTER,P200,PASS
MX01849,AFTER,P200,PASS
MX01850,AFTER,P200,PASS
MX01851,AFTER,P200,PASS
MX01852,AFTER,P200,PASS
MX01853,AFTER,P200,PASS
MX01854,AFTER,P200,PASS
MX01855,AFTER,P200,PASS
MX01856,AFTER,P200,PASS
MX01857,AFTER,P200,PASS
MX01858,AFTER,P200,PASS
MX01859,AFTER,P200,PASS
MX01860,AFTER,P200,PASS
MX01861,AFTER,P200,PASS
MX01862,AFTER,P200,PASS
MX01863,AFTER,P200,PASS
MX01864,AFTER,P200,PASS
MX01865,AFTER,P200,PASS
MX01866,AFTER,P200,PASS
MX01867,AFTER,P200,PASS
MX01868,AFTER,P200,PASS
MX01869,AFTER,P200,PASS
MX01870,AFTER,P200,PASS
MX01871,AFTER,P200,PASS
MX01872,AFTER,P200,PASS
MX01873,AFTER,P200,PASS
MX01874,AFTER,P200,PASS
MX01875,AFTER,P200,PASS
MX01876,AFTER,P200,PASS
MX01877,AFTER,P200,PASS
MX01878,AFTER,P200,PASS
MX01879,AFTER,P200,PASS
MX01880,AFTER,P200,PASS
MX01881,AFTER,P200,PASS
MX01882,AFTER,P200,PASS
MX01883,AFTER,P200,PASS
MX01884,AFTER,P200,PASS
MX01885,AFTER,P200,PASS
MX01886,AFTER,P200,PASS
MX01887,AFTER,P200,PASS
MX01888,AFTER,P200,PASS
MX01889,AFTER,P200,PASS
MX01890,AFTER,P200,PASS
MX01891,AFTER,P200,PASS
MX01892,AFTER,P200,PASS
MX01893,AFTER,P200,PASS
MX01894,AFTER,P200,PASS
MX01895,AFTER,P200,PASS
MX01896,AFTER,P200,PASS
MX01897,AFTER,P200,PASS
MX01898,AFTER,P200,PASS
MX01899,AFTER,P200,PASS
MX01900,AFTER,P200,PASS
MX01901,AFTER,P200,PASS
MX01902,AFTER,P200,PASS
MX01903,AFTER,P200,PASS
MX01904,AFTER,P200,PASS
MX01905,AFTER,P200,PASS
MX01906,AFTER,P200,PASS
MX01907,AFTER,P200,PASS
MX01908,AFTER,P200,PASS
MX01909,AFTER,P200,PASS
MX01910,AFTER,P200,PASS
MX01911,AFTER,P200,PASS
MX01912,AFTER,P200,PASS
MX01913,AFTER,P200,PASS
MX01914,AFTER,P200,PASS
MX01915,AFTER,P200,PASS
MX01916,AFTER,P200,PASS
MX01917,AFTER,P200,PASS
MX01918,AFTER,P200,PASS
MX01919,AFTER,P200,PASS
MX01920,AFTER,P200,PASS
MX01921,AFTER,P200,PASS
MX01922,AFTER,P200,PASS
MX01923,AFTER,P200,PASS
MX01924,AFTER,P200,PASS
MX01925,AFTER,P200,PASS
MX01926,AFTER,P200,PASS
MX01927,AFTER,P200,PASS
MX01928,AFTER,P200,PASS
MX01929,AFTER,P200,PASS
MX01930,AFTER,P200,PASS
MX01931,AFTER,P200,PASS
MX01932,AFTER,P200,PASS
MX01933,AFTER,P200,PASS
MX01934,AFTER,P200,PASS
MX01935,AFTER,P200,PASS
MX01936,AFTER,P200,PASS
MX01937,AFTER,P200,PASS
MX01938,AFTER,P200,PASS
MX01939,AFTER,P200,PASS
MX01940,AFTER,P200,PASS
MX01941,AFTER,P200,PASS
MX01942,AFTER,P200,PASS
MX01943,AFTER,P200,PASS
MX01944,AFTER,P200,PASS
MX01945,AFTER,P200,PASS
MX01946,AFTER,P200,PASS
MX01947,AFTER,P200,PASS
MX01948,AFTER,P200,PASS
MX01949,AFTER,P200,PASS
MX01950,AFTER,P200,PASS
MX01951,AFTER,P200,PASS
MX01952,AFTER,P200,PASS
MX01953,AFTER,P200,PASS
MX01954,AFTER,P200,PASS
MX01955,AFTER,P200,PASS
MX01956,AFTER,P200,PASS
MX01957,AFTER,P200,PASS
MX01958,AFTER,P200,PASS
MX01959,AFTER,P200,PASS
MX01960,AFTER,P200,PASS
MX01961,AFTER,P200,PASS
MX01962,AFTER,P200,PASS
MX01963,AFTER,P200,PASS
MX01964,AFTER,P200,PASS
MX01965,AFTER,P200,PASS
MX01966,AFTER,P200,PASS
MX01967,AFTER,P200,PASS
MX01968,AFTER,P200,PASS
MX01969,AFTER,P200,PASS
MX01970,AFTER,P200,PASS
MX01971,AFTER,P200,PASS
MX01972,AFTER,P200,PASS
MX01973,AFTER,P200,PASS
MX01974,AFTER,P200,PASS
MX01975,AFTER,P200,PASS
MX01976,AFTER,P200,PASS
MX01977,AFTER,P200,PASS
MX01978,AFTER,P200,PASS
MX01979,AFTER,P200,PASS
MX01980,AFTER,P200,PASS
MX01981,AFTER,P200,PASS
MX01982,AFTER,P200,PASS
MX01983,AFTER,P200,PASS
MX01984,AFTER,P200,PASS
MX01985,AFTER,P200,PASS
MX01986,AFTER,P200,PASS
MX01987,AFTER,P200,PASS
MX01988,AFTER,P200,PASS
MX01989,AFTER,P200,PASS
MX01990,AFTER,P200,PASS
MX01991,AFTER,P200,PASS
MX01992,AFTER,P200,PASS
MX01993,AFTER,P200,PASS
MX01994,AFTER,P200,PASS
MX01995,AFTER,P200,PASS
MX01996,AFTER,P200,PASS
MX01997,AFTER,P200,PASS
MX01998,AFTER,P200,PASS
MX01999,AFTER,P200,PASS
MX02000,AFTER,P200,PASS
