traveler_id,finished_lot,serial_id,material_batch,component_qty,production_at,recovered_at
TV42,FG42,FG42-001,B994,1,2026-10-01T14:00:00Z,2026-10-02T10:30:00Z
TV42,FG42,FG42-002,B994,1,2026-10-01T14:00:00Z,2026-10-02T10:30:00Z
TV42,FG42,FG42-003,B994,1,2026-10-01T14:00:00Z,2026-10-02T10:30:00Z
TV42,FG42,FG42-004,B994,1,2026-10-01T14:00:00Z,2026-10-02T10:30:00Z
TV42,FG42,FG42-005,B994,1,2026-10-01T14:00:00Z,2026-10-02T10:30:00Z
TV42,FG42,FG42-006,B994,1,2026-10-01T14:00:00Z,2026-10-02T10:30:00Z
TV42,FG42,FG42-007,B994,1,2026-10-01T14:00:00Z,2026-10-02T10:30:00Z
TV42,FG42,FG42-008,B994,1,2026-10-01T14:00:00Z,2026-10-02T10:30:00Z
TV42,FG42,FG42-009,B994,1,2026-10-01T14:00:00Z,2026-10-02T10:30:00Z
TV42,FG42,FG42-010,B994,1,2026-10-01T14:00:00Z,2026-10-02T10:30:00Z
TV42,FG42,FG42-011,B994,1,2026-10-01T14:00:00Z,2026-10-02T10:30:00Z
TV42,FG42,FG42-012,B994,1,2026-10-01T14:00:00Z,2026-10-02T10:30:00Z
TV42,FG42,FG42-013,B990,1,2026-10-01T14:00:00Z,2026-10-02T10:30:00Z
TV42,FG42,FG42-014,B990,1,2026-10-01T14:00:00Z,2026-10-02T10:30:00Z
TV42,FG42,FG42-015,B990,1,2026-10-01T14:00:00Z,2026-10-02T10:30:00Z
TV42,FG42,FG42-016,B990,1,2026-10-01T14:00:00Z,2026-10-02T10:30:00Z
TV42,FG42,FG42-017,B990,1,2026-10-01T14:00:00Z,2026-10-02T10:30:00Z
TV42,FG42,FG42-018,B990,1,2026-10-01T14:00:00Z,2026-10-02T10:30:00Z
TV42,FG42,FG42-019,B990,1,2026-10-01T14:00:00Z,2026-10-02T10:30:00Z
TV42,FG42,FG42-020,B990,1,2026-10-01T14:00:00Z,2026-10-02T10:30:00Z
TV42,FG42,FG42-021,B990,1,2026-10-01T14:00:00Z,2026-10-02T10:30:00Z
TV42,FG42,FG42-022,B990,1,2026-10-01T14:00:00Z,2026-10-02T10:30:00Z
TV42,FG42,FG42-023,B990,1,2026-10-01T14:00:00Z,2026-10-02T10:30:00Z
TV42,FG42,FG42-024,B990,1,2026-10-01T14:00:00Z,2026-10-02T10:30:00Z
TV42,FG42,FG42-025,B990,1,2026-10-01T14:00:00Z,2026-10-02T10:30:00Z
TV42,FG42,FG42-026,B990,1,2026-10-01T14:00:00Z,2026-10-02T10:30:00Z
TV42,FG42,FG42-027,B990,1,2026-10-01T14:00:00Z,2026-10-02T10:30:00Z
TV42,FG42,FG42-028,B990,1,2026-10-01T14:00:00Z,2026-10-02T10:30:00Z
TV42,FG42,FG42-029,B990,1,2026-10-01T14:00:00Z,2026-10-02T10:30:00Z
TV42,FG42,FG42-030,B990,1,2026-10-01T14:00:00Z,2026-10-02T10:30:00Z
