machine_id,observed_at,operating_mode,vibration_mm_s,temperature_c
M001,2026-10-03T10:30:00Z,STANDARD,2.1,60.5
M002,2026-10-03T10:30:00Z,HIGH_SPEED,6,78
M001,2026-10-03T10:35:00Z,STANDARD,2.3,61.5
M002,2026-10-03T10:35:00Z,HIGH_SPEED,6,78
M001,2026-10-03T10:40:00Z,STANDARD,2.1,60.5
M002,2026-10-03T10:40:00Z,HIGH_SPEED,6,78
M001,2026-10-03T10:45:00Z,STANDARD,2.3,61.5
M002,2026-10-03T10:45:00Z,HIGH_SPEED,6,78
M001,2026-10-03T10:50:00Z,STANDARD,2.1,60.5
M002,2026-10-03T10:50:00Z,HIGH_SPEED,6,78
M001,2026-10-03T10:55:00Z,STANDARD,2.3,61.5
M002,2026-10-03T10:55:00Z,HIGH_SPEED,6,78
M001,2026-10-03T11:00:00Z,STANDARD,2.1,60.5
M002,2026-10-03T11:00:00Z,HIGH_SPEED,6,78
M001,2026-10-03T11:05:00Z,STANDARD,2.3,61.5
M002,2026-10-03T11:05:00Z,HIGH_SPEED,6,78
M001,2026-10-03T11:10:00Z,STANDARD,2.1,60.5
M002,2026-10-03T11:10:00Z,HIGH_SPEED,6,78
M001,2026-10-03T11:15:00Z,STANDARD,2.3,61.5
M002,2026-10-03T11:15:00Z,HIGH_SPEED,6,78
M001,2026-10-03T11:20:00Z,STANDARD,2.1,60.5
M002,2026-10-03T11:20:00Z,HIGH_SPEED,6,78
M001,2026-10-03T11:25:00Z,STANDARD,2.3,61.5
M002,2026-10-03T11:25:00Z,HIGH_SPEED,6,78
M001,2026-10-03T11:30:00Z,STANDARD,2.1,60.5
M002,2026-10-03T11:30:00Z,HIGH_SPEED,6,78
M001,2026-10-03T11:35:00Z,STANDARD,2.3,61.5
M002,2026-10-03T11:35:00Z,HIGH_SPEED,6,78
M001,2026-10-03T11:40:00Z,STANDARD,2.1,60.5
M002,2026-10-03T11:40:00Z,HIGH_SPEED,6,78
M001,2026-10-03T11:45:00Z,STANDARD,2.3,61.5
M002,2026-10-03T11:45:00Z,HIGH_SPEED,6,78
M001,2026-10-03T11:50:00Z,STANDARD,2.1,60.5
M002,2026-10-03T11:50:00Z,HIGH_SPEED,6,78
M001,2026-10-03T11:55:00Z,STANDARD,2.3,61.5
M002,2026-10-03T11:55:00Z,HIGH_SPEED,6,78
M001,2026-10-03T12:00:00Z,STANDARD,2.1,60.5
M002,2026-10-03T12:00:00Z,HIGH_SPEED,6,78
M001,2026-10-03T12:05:00Z,STANDARD,2.3,61.5
M002,2026-10-03T12:05:00Z,HIGH_SPEED,6,78
M001,2026-10-03T12:10:00Z,STANDARD,2.1,60.5
M002,2026-10-03T12:10:00Z,HIGH_SPEED,6,78
M001,2026-10-03T12:15:00Z,STANDARD,2.3,61.5
M002,2026-10-03T12:15:00Z,HIGH_SPEED,6,78
M001,2026-10-03T12:20:00Z,STANDARD,2.1,60.5
M002,2026-10-03T12:20:00Z,HIGH_SPEED,6,78
M001,2026-10-03T12:25:00Z,STANDARD,2.3,61.5
M002,2026-10-03T12:25:00Z,HIGH_SPEED,6,78
